"species","variable","permutation","score"
"P. pumila","bio3",1,0.18830075677158
"P. pumila","bio3",2,0.192561979358238
"P. pumila","bio3",3,0.192484071423485
"P. pumila","bio3",4,0.192225198325128
"P. pumila","bio3",5,0.194775438576089
"P. pumila","bio3",6,0.186588177357087
"P. pumila","bio3",7,0.187065986897392
"P. pumila","bio3",8,0.18852779585453
"P. pumila","bio3",9,0.190412293735592
"P. pumila","bio3",10,0.186975947379114
"P. pumila","bio3",11,0.189557914350166
"P. pumila","bio3",12,0.190945474224639
"P. pumila","bio3",13,0.189907886985391
"P. pumila","bio3",14,0.189403291915341
"P. pumila","bio3",15,0.194782722899115
"P. pumila","bio3",16,0.188743556887292
"P. pumila","bio3",17,0.194821891037768
"P. pumila","bio3",18,0.18962929394099
"P. pumila","bio3",19,0.1940994766584
"P. pumila","bio3",20,0.19140631438635
"P. pumila","bio3",21,0.191180816599756
"P. pumila","bio3",22,0.191482374436677
"P. pumila","bio3",23,0.188865170290938
"P. pumila","bio3",24,0.192225743435999
"P. pumila","bio3",25,0.187622060601104
"P. pumila","bio3",26,0.190287704280547
"P. pumila","bio3",27,0.193280172620316
"P. pumila","bio3",28,0.18703366259893
"P. pumila","bio3",29,0.189912075158356
"P. pumila","bio3",30,0.191136307290932
"P. pumila","bio3",31,0.187712547969954
"P. pumila","bio3",32,0.189744077587315
"P. pumila","bio3",33,0.187845263135961
"P. pumila","bio3",34,0.18837809426903
"P. pumila","bio3",35,0.191390745007071
"P. pumila","bio3",36,0.19235332995068
"P. pumila","bio3",37,0.19390707595304
"P. pumila","bio3",38,0.189844247258321
"P. pumila","bio3",39,0.192706236405394
"P. pumila","bio3",40,0.188485286039983
"P. pumila","bio3",41,0.191456506718713
"P. pumila","bio3",42,0.190285163702407
"P. pumila","bio3",43,0.193154966060157
"P. pumila","bio3",44,0.186760477108328
"P. pumila","bio3",45,0.188323722824036
"P. pumila","bio3",46,0.18937090197067
"P. pumila","bio3",47,0.189574652971062
"P. pumila","bio3",48,0.196105193526959
"P. pumila","bio3",49,0.188204227705082
"P. pumila","bio3",50,0.188399325156613
"P. pumila","bio3",51,0.187501941352952
"P. pumila","bio3",52,0.185180252917614
"P. pumila","bio3",53,0.190593896705172
"P. pumila","bio3",54,0.188448186896072
"P. pumila","bio3",55,0.190651553482109
"P. pumila","bio3",56,0.190591834427693
"P. pumila","bio3",57,0.192092698755813
"P. pumila","bio3",58,0.188541162559232
"P. pumila","bio3",59,0.195325619770468
"P. pumila","bio3",60,0.185697160937946
"P. pumila","bio3",61,0.194435468278712
"P. pumila","bio3",62,0.194674595417507
"P. pumila","bio3",63,0.194621818999458
"P. pumila","bio3",64,0.193899825944278
"P. pumila","bio3",65,0.192000257324959
"P. pumila","bio3",66,0.183495894177198
"P. pumila","bio3",67,0.18986779075371
"P. pumila","bio3",68,0.190843885850762
"P. pumila","bio3",69,0.19038402352909
"P. pumila","bio3",70,0.186323784369776
"P. pumila","bio3",71,0.191481436373568
"P. pumila","bio3",72,0.190979783913933
"P. pumila","bio3",73,0.189437383167314
"P. pumila","bio3",74,0.186257363484818
"P. pumila","bio3",75,0.185665494708872
"P. pumila","bio3",76,0.190763000390301
"P. pumila","bio3",77,0.189100675297817
"P. pumila","bio3",78,0.192041990712396
"P. pumila","bio3",79,0.190858763203752
"P. pumila","bio3",80,0.187628206878933
"P. pumila","bio3",81,0.189970372873652
"P. pumila","bio3",82,0.196507414212748
"P. pumila","bio3",83,0.18867643475216
"P. pumila","bio3",84,0.183800317839971
"P. pumila","bio3",85,0.190347011678557
"P. pumila","bio3",86,0.185841402619637
"P. pumila","bio3",87,0.190631547970578
"P. pumila","bio3",88,0.19076676159819
"P. pumila","bio3",89,0.189934238448527
"P. pumila","bio3",90,0.192679291822309
"P. pumila","bio3",91,0.188207272917135
"P. pumila","bio3",92,0.190596062715039
"P. pumila","bio3",93,0.189736698610207
"P. pumila","bio3",94,0.187986976499001
"P. pumila","bio3",95,0.191073348507346
"P. pumila","bio3",96,0.188740894948233
"P. pumila","bio3",97,0.190468091774475
"P. pumila","bio3",98,0.189409462273777
"P. pumila","bio3",99,0.183043381481923
"P. pumila","bio3",100,0.18823683377908
"P. pumila","bio4",1,0.0141895536407843
"P. pumila","bio4",2,0.0143126470391391
"P. pumila","bio4",3,0.0143766250707315
"P. pumila","bio4",4,0.0143319295359763
"P. pumila","bio4",5,0.0138356190694139
"P. pumila","bio4",6,0.014532647406692
"P. pumila","bio4",7,0.0140372384314966
"P. pumila","bio4",8,0.0137969665978793
"P. pumila","bio4",9,0.0143695291593664
"P. pumila","bio4",10,0.0137048952427226
"P. pumila","bio4",11,0.0139394247757176
"P. pumila","bio4",12,0.0141223867776823
"P. pumila","bio4",13,0.0140909991319168
"P. pumila","bio4",14,0.0141374018036907
"P. pumila","bio4",15,0.0144141603543373
"P. pumila","bio4",16,0.0138620554675958
"P. pumila","bio4",17,0.0141550360398437
"P. pumila","bio4",18,0.0137860091259641
"P. pumila","bio4",19,0.0140976533077732
"P. pumila","bio4",20,0.0139180822093886
"P. pumila","bio4",21,0.0138844647318346
"P. pumila","bio4",22,0.0140494554507388
"P. pumila","bio4",23,0.0140484577589789
"P. pumila","bio4",24,0.0144566686052879
"P. pumila","bio4",25,0.0143577569594756
"P. pumila","bio4",26,0.0137233541169153
"P. pumila","bio4",27,0.013909742787379
"P. pumila","bio4",28,0.0137191226167481
"P. pumila","bio4",29,0.0144360198642722
"P. pumila","bio4",30,0.0139602398411542
"P. pumila","bio4",31,0.0139511158053061
"P. pumila","bio4",32,0.0141523540020265
"P. pumila","bio4",33,0.0140378230077648
"P. pumila","bio4",34,0.0142677471707093
"P. pumila","bio4",35,0.0134712777567066
"P. pumila","bio4",36,0.0140076334323853
"P. pumila","bio4",37,0.0140351795030875
"P. pumila","bio4",38,0.0143617484480197
"P. pumila","bio4",39,0.0144932414065294
"P. pumila","bio4",40,0.0140132155244591
"P. pumila","bio4",41,0.0139144973470698
"P. pumila","bio4",42,0.0136777765772305
"P. pumila","bio4",43,0.0137853429177413
"P. pumila","bio4",44,0.0143757354018631
"P. pumila","bio4",45,0.0139211675881549
"P. pumila","bio4",46,0.0141202748501302
"P. pumila","bio4",47,0.0135730509823763
"P. pumila","bio4",48,0.013819236441715
"P. pumila","bio4",49,0.0140499234043211
"P. pumila","bio4",50,0.0143159216255732
"P. pumila","bio4",51,0.0139782060268301
"P. pumila","bio4",52,0.0142118433967445
"P. pumila","bio4",53,0.0139470984737624
"P. pumila","bio4",54,0.0140176929881458
"P. pumila","bio4",55,0.0142380993239211
"P. pumila","bio4",56,0.0140443710472189
"P. pumila","bio4",57,0.0142976025873713
"P. pumila","bio4",58,0.0136204194845128
"P. pumila","bio4",59,0.0139101344238405
"P. pumila","bio4",60,0.0140997750677567
"P. pumila","bio4",61,0.0138330410359008
"P. pumila","bio4",62,0.0141329508165995
"P. pumila","bio4",63,0.0142367953320369
"P. pumila","bio4",64,0.0140620838612536
"P. pumila","bio4",65,0.0144317008246287
"P. pumila","bio4",66,0.0141122449632848
"P. pumila","bio4",67,0.0145093449669954
"P. pumila","bio4",68,0.013706824062422
"P. pumila","bio4",69,0.0142717575535999
"P. pumila","bio4",70,0.0142433466472169
"P. pumila","bio4",71,0.0142971326342306
"P. pumila","bio4",72,0.0145409164836338
"P. pumila","bio4",73,0.0142389855549461
"P. pumila","bio4",74,0.0142310322562784
"P. pumila","bio4",75,0.0140781984295344
"P. pumila","bio4",76,0.0138636361856157
"P. pumila","bio4",77,0.0145444928621628
"P. pumila","bio4",78,0.0137215774897019
"P. pumila","bio4",79,0.0140768737874865
"P. pumila","bio4",80,0.0141878240278606
"P. pumila","bio4",81,0.0142669714198685
"P. pumila","bio4",82,0.0140846428433639
"P. pumila","bio4",83,0.0139515738820869
"P. pumila","bio4",84,0.0139287693300282
"P. pumila","bio4",85,0.0143135819688138
"P. pumila","bio4",86,0.0143379648215127
"P. pumila","bio4",87,0.0141581712097046
"P. pumila","bio4",88,0.0141775617741727
"P. pumila","bio4",89,0.0139931193533123
"P. pumila","bio4",90,0.0140146936993919
"P. pumila","bio4",91,0.0137590598437962
"P. pumila","bio4",92,0.013847903735916
"P. pumila","bio4",93,0.0138790449240502
"P. pumila","bio4",94,0.0142674293803859
"P. pumila","bio4",95,0.0145895287665542
"P. pumila","bio4",96,0.0137982418611402
"P. pumila","bio4",97,0.0140280380840916
"P. pumila","bio4",98,0.0142117778194447
"P. pumila","bio4",99,0.0139592985477243
"P. pumila","bio4",100,0.0140929773932107
"P. pumila","bio9",1,0.048765516255479
"P. pumila","bio9",2,0.0483019247376761
"P. pumila","bio9",3,0.0476347920194087
"P. pumila","bio9",4,0.0486886344795213
"P. pumila","bio9",5,0.0487593312657433
"P. pumila","bio9",6,0.0498496542930235
"P. pumila","bio9",7,0.0465326607135551
"P. pumila","bio9",8,0.0491643886783178
"P. pumila","bio9",9,0.0474341979005288
"P. pumila","bio9",10,0.0484376405198257
"P. pumila","bio9",11,0.0503783455390444
"P. pumila","bio9",12,0.0504230202612463
"P. pumila","bio9",13,0.0482181407657493
"P. pumila","bio9",14,0.0496195120684669
"P. pumila","bio9",15,0.0477306117536688
"P. pumila","bio9",16,0.0497151218665115
"P. pumila","bio9",17,0.0488094143510153
"P. pumila","bio9",18,0.0503875172882819
"P. pumila","bio9",19,0.0488165248254082
"P. pumila","bio9",20,0.0492655222676593
"P. pumila","bio9",21,0.0507759604149622
"P. pumila","bio9",22,0.0474762939266
"P. pumila","bio9",23,0.0498386352992408
"P. pumila","bio9",24,0.0492550655678785
"P. pumila","bio9",25,0.0503319304243834
"P. pumila","bio9",26,0.050797851132917
"P. pumila","bio9",27,0.0489010512012109
"P. pumila","bio9",28,0.0476719443830361
"P. pumila","bio9",29,0.0498911442807253
"P. pumila","bio9",30,0.0505731852695548
"P. pumila","bio9",31,0.048655244700279
"P. pumila","bio9",32,0.0482030805354081
"P. pumila","bio9",33,0.0477090260157178
"P. pumila","bio9",34,0.0483562524254505
"P. pumila","bio9",35,0.0495401033626969
"P. pumila","bio9",36,0.0499114897340365
"P. pumila","bio9",37,0.0468116147106337
"P. pumila","bio9",38,0.0491049221932964
"P. pumila","bio9",39,0.0487182891887296
"P. pumila","bio9",40,0.0504657493506209
"P. pumila","bio9",41,0.0495622515122341
"P. pumila","bio9",42,0.0485694762556453
"P. pumila","bio9",43,0.0482275214035127
"P. pumila","bio9",44,0.0494300018495352
"P. pumila","bio9",45,0.0489852730354151
"P. pumila","bio9",46,0.0495498382281673
"P. pumila","bio9",47,0.0497395316558729
"P. pumila","bio9",48,0.0503011021412412
"P. pumila","bio9",49,0.0497679753426782
"P. pumila","bio9",50,0.0470237793660431
"P. pumila","bio9",51,0.0499244647313404
"P. pumila","bio9",52,0.0486660697283822
"P. pumila","bio9",53,0.0491969408581819
"P. pumila","bio9",54,0.0486598355562358
"P. pumila","bio9",55,0.0481259812232071
"P. pumila","bio9",56,0.0492690518081418
"P. pumila","bio9",57,0.0484464589932166
"P. pumila","bio9",58,0.048761748053527
"P. pumila","bio9",59,0.050037477694044
"P. pumila","bio9",60,0.0479264531301832
"P. pumila","bio9",61,0.0481956308287192
"P. pumila","bio9",62,0.047175451579036
"P. pumila","bio9",63,0.0494521404651671
"P. pumila","bio9",64,0.0485755647747275
"P. pumila","bio9",65,0.0482168892756244
"P. pumila","bio9",66,0.0480335182054057
"P. pumila","bio9",67,0.0479368932055261
"P. pumila","bio9",68,0.0480476298097066
"P. pumila","bio9",69,0.0501234338334735
"P. pumila","bio9",70,0.0484678131419307
"P. pumila","bio9",71,0.0499680540410242
"P. pumila","bio9",72,0.0503001379964895
"P. pumila","bio9",73,0.0503075023091429
"P. pumila","bio9",74,0.0479221513124786
"P. pumila","bio9",75,0.0494994550855091
"P. pumila","bio9",76,0.0483610819360006
"P. pumila","bio9",77,0.0491144821786472
"P. pumila","bio9",78,0.049371072287458
"P. pumila","bio9",79,0.0484715325771099
"P. pumila","bio9",80,0.0497415104640542
"P. pumila","bio9",81,0.0492334331744418
"P. pumila","bio9",82,0.047109310480684
"P. pumila","bio9",83,0.0482745405184888
"P. pumila","bio9",84,0.0490316721178873
"P. pumila","bio9",85,0.047943783519488
"P. pumila","bio9",86,0.0470781929452657
"P. pumila","bio9",87,0.0463526014838073
"P. pumila","bio9",88,0.0486481449241901
"P. pumila","bio9",89,0.0495715033483526
"P. pumila","bio9",90,0.0511804121050955
"P. pumila","bio9",91,0.0490892817331061
"P. pumila","bio9",92,0.0487870418884355
"P. pumila","bio9",93,0.0479264431684927
"P. pumila","bio9",94,0.0494492914304401
"P. pumila","bio9",95,0.0499404603035043
"P. pumila","bio9",96,0.0480299035703285
"P. pumila","bio9",97,0.0479535881509732
"P. pumila","bio9",98,0.0497590297841123
"P. pumila","bio9",99,0.0489258479451224
"P. pumila","bio9",100,0.0490298884655561
"P. pumila","bio12",1,0.12806119233829
"P. pumila","bio12",2,0.129221479898547
"P. pumila","bio12",3,0.129215280286941
"P. pumila","bio12",4,0.127391438879806
"P. pumila","bio12",5,0.129076615388668
"P. pumila","bio12",6,0.128610256934966
"P. pumila","bio12",7,0.13251350739468
"P. pumila","bio12",8,0.130898618916966
"P. pumila","bio12",9,0.130550765778624
"P. pumila","bio12",10,0.125597460005048
"P. pumila","bio12",11,0.127896618653179
"P. pumila","bio12",12,0.128350348162718
"P. pumila","bio12",13,0.128111043261668
"P. pumila","bio12",14,0.131437410316461
"P. pumila","bio12",15,0.129283075069747
"P. pumila","bio12",16,0.131413984389258
"P. pumila","bio12",17,0.129821338107394
"P. pumila","bio12",18,0.126850902962224
"P. pumila","bio12",19,0.130636049840351
"P. pumila","bio12",20,0.127770316363077
"P. pumila","bio12",21,0.129478601796145
"P. pumila","bio12",22,0.128624001957592
"P. pumila","bio12",23,0.129499177219888
"P. pumila","bio12",24,0.129843777888631
"P. pumila","bio12",25,0.127144125013167
"P. pumila","bio12",26,0.125721091832309
"P. pumila","bio12",27,0.131767049735442
"P. pumila","bio12",28,0.124123097818634
"P. pumila","bio12",29,0.134375886030505
"P. pumila","bio12",30,0.127301514282927
"P. pumila","bio12",31,0.131456846639758
"P. pumila","bio12",32,0.130751669834044
"P. pumila","bio12",33,0.12887040463529
"P. pumila","bio12",34,0.127432284734104
"P. pumila","bio12",35,0.132345594763955
"P. pumila","bio12",36,0.126912077371749
"P. pumila","bio12",37,0.128730664912636
"P. pumila","bio12",38,0.127889590432712
"P. pumila","bio12",39,0.12675560742771
"P. pumila","bio12",40,0.128715415921129
"P. pumila","bio12",41,0.12748142080919
"P. pumila","bio12",42,0.128664663508427
"P. pumila","bio12",43,0.128646222760354
"P. pumila","bio12",44,0.127773156256271
"P. pumila","bio12",45,0.129371548956499
"P. pumila","bio12",46,0.129404777735287
"P. pumila","bio12",47,0.130457854475499
"P. pumila","bio12",48,0.131458032881082
"P. pumila","bio12",49,0.129820338734485
"P. pumila","bio12",50,0.127126075035597
"P. pumila","bio12",51,0.127149660275918
"P. pumila","bio12",52,0.129730075087926
"P. pumila","bio12",53,0.130235590121901
"P. pumila","bio12",54,0.128081728898079
"P. pumila","bio12",55,0.12690398705184
"P. pumila","bio12",56,0.12898468311108
"P. pumila","bio12",57,0.129233770465211
"P. pumila","bio12",58,0.129143268159896
"P. pumila","bio12",59,0.130360989589251
"P. pumila","bio12",60,0.12634689501378
"P. pumila","bio12",61,0.12833833244437
"P. pumila","bio12",62,0.130416432770878
"P. pumila","bio12",63,0.127991412028563
"P. pumila","bio12",64,0.128130615628114
"P. pumila","bio12",65,0.131582251397115
"P. pumila","bio12",66,0.130851824441432
"P. pumila","bio12",67,0.1296478403306
"P. pumila","bio12",68,0.130681915862378
"P. pumila","bio12",69,0.126407610157888
"P. pumila","bio12",70,0.128364602495502
"P. pumila","bio12",71,0.129092581180934
"P. pumila","bio12",72,0.127664408014378
"P. pumila","bio12",73,0.127480202446754
"P. pumila","bio12",74,0.130274686718138
"P. pumila","bio12",75,0.128797502788925
"P. pumila","bio12",76,0.129428016125085
"P. pumila","bio12",77,0.130073863293871
"P. pumila","bio12",78,0.126374470084136
"P. pumila","bio12",79,0.126383355924176
"P. pumila","bio12",80,0.12951667872794
"P. pumila","bio12",81,0.126532603472171
"P. pumila","bio12",82,0.130441747774311
"P. pumila","bio12",83,0.128749545884386
"P. pumila","bio12",84,0.127745231619907
"P. pumila","bio12",85,0.127522149678973
"P. pumila","bio12",86,0.128585680617195
"P. pumila","bio12",87,0.124893031986423
"P. pumila","bio12",88,0.127541380303652
"P. pumila","bio12",89,0.129669357874082
"P. pumila","bio12",90,0.132143119716073
"P. pumila","bio12",91,0.127068296174311
"P. pumila","bio12",92,0.130171986652583
"P. pumila","bio12",93,0.131927159464779
"P. pumila","bio12",94,0.128662792643388
"P. pumila","bio12",95,0.131994760291921
"P. pumila","bio12",96,0.127671170843535
"P. pumila","bio12",97,0.130439902541206
"P. pumila","bio12",98,0.131236645896917
"P. pumila","bio12",99,0.128656748557706
"P. pumila","bio12",100,0.130226903690668
"P. pumila","bio14",1,0.0736155117383158
"P. pumila","bio14",2,0.0772531981240973
"P. pumila","bio14",3,0.0763088095086824
"P. pumila","bio14",4,0.0760997171706373
"P. pumila","bio14",5,0.0747999602802609
"P. pumila","bio14",6,0.0724588339581338
"P. pumila","bio14",7,0.0743978825431754
"P. pumila","bio14",8,0.0748315610832253
"P. pumila","bio14",9,0.0736885581750147
"P. pumila","bio14",10,0.0741988451584675
"P. pumila","bio14",11,0.0737792058398328
"P. pumila","bio14",12,0.0735122299505599
"P. pumila","bio14",13,0.0732283205939527
"P. pumila","bio14",14,0.0730077422535247
"P. pumila","bio14",15,0.0721540533190309
"P. pumila","bio14",16,0.0731154262251322
"P. pumila","bio14",17,0.0737122527441284
"P. pumila","bio14",18,0.0748983143179736
"P. pumila","bio14",19,0.0740364777844974
"P. pumila","bio14",20,0.0740756456289713
"P. pumila","bio14",21,0.0743458867522123
"P. pumila","bio14",22,0.0747357744725896
"P. pumila","bio14",23,0.0742907541358375
"P. pumila","bio14",24,0.0755949760075244
"P. pumila","bio14",25,0.074257625744179
"P. pumila","bio14",26,0.0718719663271279
"P. pumila","bio14",27,0.0739604820636561
"P. pumila","bio14",28,0.0742437054376045
"P. pumila","bio14",29,0.0747714545901756
"P. pumila","bio14",30,0.0746236338331431
"P. pumila","bio14",31,0.0756354840500464
"P. pumila","bio14",32,0.0733888859382215
"P. pumila","bio14",33,0.0739186778562604
"P. pumila","bio14",34,0.0751744265162557
"P. pumila","bio14",35,0.0758177292931673
"P. pumila","bio14",36,0.0772288682950208
"P. pumila","bio14",37,0.0754778247884906
"P. pumila","bio14",38,0.0742615311971838
"P. pumila","bio14",39,0.0768916034900784
"P. pumila","bio14",40,0.0752139676404324
"P. pumila","bio14",41,0.074970595971156
"P. pumila","bio14",42,0.0732560792685374
"P. pumila","bio14",43,0.0763315098482178
"P. pumila","bio14",44,0.0749785529512568
"P. pumila","bio14",45,0.0747331884754683
"P. pumila","bio14",46,0.0749036055196373
"P. pumila","bio14",47,0.0741434543493067
"P. pumila","bio14",48,0.0758563596891195
"P. pumila","bio14",49,0.0737266374241144
"P. pumila","bio14",50,0.074159037272138
"P. pumila","bio14",51,0.0741042651384684
"P. pumila","bio14",52,0.0732194407235686
"P. pumila","bio14",53,0.0757361655411124
"P. pumila","bio14",54,0.0751749197957925
"P. pumila","bio14",55,0.0729531297412801
"P. pumila","bio14",56,0.0760663938297514
"P. pumila","bio14",57,0.0740503770073572
"P. pumila","bio14",58,0.0750858978842658
"P. pumila","bio14",59,0.0750073521035333
"P. pumila","bio14",60,0.0748715598640061
"P. pumila","bio14",61,0.0745636515959223
"P. pumila","bio14",62,0.0756003154258529
"P. pumila","bio14",63,0.0732708403085142
"P. pumila","bio14",64,0.0738455515662979
"P. pumila","bio14",65,0.0744371069804521
"P. pumila","bio14",66,0.0743491073400373
"P. pumila","bio14",67,0.0741281944345979
"P. pumila","bio14",68,0.0727865498269356
"P. pumila","bio14",69,0.0765788442560899
"P. pumila","bio14",70,0.0746700767873915
"P. pumila","bio14",71,0.0757006580878224
"P. pumila","bio14",72,0.0738224893069319
"P. pumila","bio14",73,0.0732125804953785
"P. pumila","bio14",74,0.074910200988523
"P. pumila","bio14",75,0.0714794918424267
"P. pumila","bio14",76,0.0760125352195257
"P. pumila","bio14",77,0.0733977668631997
"P. pumila","bio14",78,0.0721549903671034
"P. pumila","bio14",79,0.0756067355012643
"P. pumila","bio14",80,0.0744629290031581
"P. pumila","bio14",81,0.0746118016554482
"P. pumila","bio14",82,0.0753915158572904
"P. pumila","bio14",83,0.0740212971288151
"P. pumila","bio14",84,0.0743119673874358
"P. pumila","bio14",85,0.0749266175722917
"P. pumila","bio14",86,0.0715321148932067
"P. pumila","bio14",87,0.0753375960576356
"P. pumila","bio14",88,0.0722458208444606
"P. pumila","bio14",89,0.0764707295200057
"P. pumila","bio14",90,0.0746393324734529
"P. pumila","bio14",91,0.0746104145525333
"P. pumila","bio14",92,0.0755110634730011
"P. pumila","bio14",93,0.0735209442556389
"P. pumila","bio14",94,0.0753841817668741
"P. pumila","bio14",95,0.0744644508058498
"P. pumila","bio14",96,0.0747751228054585
"P. pumila","bio14",97,0.0732047078222199
"P. pumila","bio14",98,0.0748327152191899
"P. pumila","bio14",99,0.0737775510671893
"P. pumila","bio14",100,0.0753990139188262
"P. pumila","bio15",1,0.185729096460122
"P. pumila","bio15",2,0.187079895909856
"P. pumila","bio15",3,0.181655820427283
"P. pumila","bio15",4,0.178210346056682
"P. pumila","bio15",5,0.178866593943734
"P. pumila","bio15",6,0.182959086623913
"P. pumila","bio15",7,0.189914048645863
"P. pumila","bio15",8,0.185972797458718
"P. pumila","bio15",9,0.18059271002626
"P. pumila","bio15",10,0.177425994900824
"P. pumila","bio15",11,0.18109450474688
"P. pumila","bio15",12,0.17856811217817
"P. pumila","bio15",13,0.182403049971549
"P. pumila","bio15",14,0.181307443804055
"P. pumila","bio15",15,0.185593661894685
"P. pumila","bio15",16,0.180428486000213
"P. pumila","bio15",17,0.183626215825081
"P. pumila","bio15",18,0.188025990303254
"P. pumila","bio15",19,0.18162059258515
"P. pumila","bio15",20,0.182035840932811
"P. pumila","bio15",21,0.179600682055241
"P. pumila","bio15",22,0.181511720054055
"P. pumila","bio15",23,0.18016010435906
"P. pumila","bio15",24,0.180127871791721
"P. pumila","bio15",25,0.176456322979328
"P. pumila","bio15",26,0.182087995525632
"P. pumila","bio15",27,0.185400686703622
"P. pumila","bio15",28,0.181535263375657
"P. pumila","bio15",29,0.183259275815539
"P. pumila","bio15",30,0.179554678212101
"P. pumila","bio15",31,0.183256074621964
"P. pumila","bio15",32,0.184601075487375
"P. pumila","bio15",33,0.179152775423443
"P. pumila","bio15",34,0.181492804739667
"P. pumila","bio15",35,0.176371255275243
"P. pumila","bio15",36,0.188109781965458
"P. pumila","bio15",37,0.182867178850694
"P. pumila","bio15",38,0.181638009383593
"P. pumila","bio15",39,0.186291647846154
"P. pumila","bio15",40,0.182402138643924
"P. pumila","bio15",41,0.18748853138931
"P. pumila","bio15",42,0.175499153665379
"P. pumila","bio15",43,0.183226394469164
"P. pumila","bio15",44,0.182816264685427
"P. pumila","bio15",45,0.176846247197835
"P. pumila","bio15",46,0.178844313225916
"P. pumila","bio15",47,0.181610095688595
"P. pumila","bio15",48,0.183025409865181
"P. pumila","bio15",49,0.18334712786438
"P. pumila","bio15",50,0.178629825892762
"P. pumila","bio15",51,0.182242017949093
"P. pumila","bio15",52,0.179603544754785
"P. pumila","bio15",53,0.181165764136604
"P. pumila","bio15",54,0.182799451895295
"P. pumila","bio15",55,0.182744720059251
"P. pumila","bio15",56,0.181914048771416
"P. pumila","bio15",57,0.181153407685724
"P. pumila","bio15",58,0.186719144701427
"P. pumila","bio15",59,0.181064771010563
"P. pumila","bio15",60,0.18398247488122
"P. pumila","bio15",61,0.183682855137669
"P. pumila","bio15",62,0.180102579971283
"P. pumila","bio15",63,0.182965624520374
"P. pumila","bio15",64,0.180564269192315
"P. pumila","bio15",65,0.183793912243986
"P. pumila","bio15",66,0.183363114925126
"P. pumila","bio15",67,0.181380621107718
"P. pumila","bio15",68,0.182964743230735
"P. pumila","bio15",69,0.180933638278056
"P. pumila","bio15",70,0.182771544114535
"P. pumila","bio15",71,0.182843581208029
"P. pumila","bio15",72,0.184113766028565
"P. pumila","bio15",73,0.179692105802167
"P. pumila","bio15",74,0.179868405531035
"P. pumila","bio15",75,0.181620149016311
"P. pumila","bio15",76,0.183609841553922
"P. pumila","bio15",77,0.184375508616194
"P. pumila","bio15",78,0.185597992118414
"P. pumila","bio15",79,0.184949916774326
"P. pumila","bio15",80,0.181560689390432
"P. pumila","bio15",81,0.176043889840405
"P. pumila","bio15",82,0.179289620744735
"P. pumila","bio15",83,0.178619412207797
"P. pumila","bio15",84,0.180695558589654
"P. pumila","bio15",85,0.175212317725734
"P. pumila","bio15",86,0.180863777378762
"P. pumila","bio15",87,0.186594499513688
"P. pumila","bio15",88,0.180583228473698
"P. pumila","bio15",89,0.182398036871638
"P. pumila","bio15",90,0.182486848860136
"P. pumila","bio15",91,0.181807383526558
"P. pumila","bio15",92,0.180247009034143
"P. pumila","bio15",93,0.177707112300688
"P. pumila","bio15",94,0.18141388390067
"P. pumila","bio15",95,0.180734608009996
"P. pumila","bio15",96,0.187772339637291
"P. pumila","bio15",97,0.1836968927293
"P. pumila","bio15",98,0.18146477945747
"P. pumila","bio15",99,0.1867333402916
"P. pumila","bio15",100,0.181390529330197
"P. pumila","elevation",1,0.364815395228146
"P. pumila","elevation",2,0.369516685045041
"P. pumila","elevation",3,0.374350608114319
"P. pumila","elevation",4,0.362539555966265
"P. pumila","elevation",5,0.374182605733437
"P. pumila","elevation",6,0.366258110358459
"P. pumila","elevation",7,0.368733810101336
"P. pumila","elevation",8,0.367351597603489
"P. pumila","elevation",9,0.360014657724142
"P. pumila","elevation",10,0.376904750551327
"P. pumila","elevation",11,0.364142274110904
"P. pumila","elevation",12,0.370459099103407
"P. pumila","elevation",13,0.375543279754312
"P. pumila","elevation",14,0.371270102734883
"P. pumila","elevation",15,0.360944828530224
"P. pumila","elevation",16,0.377005020583396
"P. pumila","elevation",17,0.376123323057063
"P. pumila","elevation",18,0.361751111534134
"P. pumila","elevation",19,0.373659126604647
"P. pumila","elevation",20,0.371225976274451
"P. pumila","elevation",21,0.374593814410899
"P. pumila","elevation",22,0.366755475286294
"P. pumila","elevation",23,0.364398878506043
"P. pumila","elevation",24,0.364635332497117
"P. pumila","elevation",25,0.373605353869756
"P. pumila","elevation",26,0.364040380676883
"P. pumila","elevation",27,0.368634726977106
"P. pumila","elevation",28,0.365823089988085
"P. pumila","elevation",29,0.361731250404304
"P. pumila","elevation",30,0.365258636235024
"P. pumila","elevation",31,0.368009893409917
"P. pumila","elevation",32,0.36122199532873
"P. pumila","elevation",33,0.367917591518665
"P. pumila","elevation",34,0.363072444918614
"P. pumila","elevation",35,0.373845692534945
"P. pumila","elevation",36,0.368939545552279
"P. pumila","elevation",37,0.371937172187947
"P. pumila","elevation",38,0.365681065999034
"P. pumila","elevation",39,0.37787989628966
"P. pumila","elevation",40,0.372084185750023
"P. pumila","elevation",41,0.357475040542041
"P. pumila","elevation",42,0.372923900485605
"P. pumila","elevation",43,0.365976315544814
"P. pumila","elevation",44,0.363027936127796
"P. pumila","elevation",45,0.369373910425918
"P. pumila","elevation",46,0.364654037214888
"P. pumila","elevation",47,0.371093980277727
"P. pumila","elevation",48,0.359916523662044
"P. pumila","elevation",49,0.371446177238721
"P. pumila","elevation",50,0.369248805825095
"P. pumila","elevation",51,0.3694520406572
"P. pumila","elevation",52,0.376952115120823
"P. pumila","elevation",53,0.362868421337316
"P. pumila","elevation",54,0.368153135052395
"P. pumila","elevation",55,0.366178891662526
"P. pumila","elevation",56,0.365090621969908
"P. pumila","elevation",57,0.360316747529917
"P. pumila","elevation",58,0.378766015016132
"P. pumila","elevation",59,0.365144046660908
"P. pumila","elevation",60,0.371874583352402
"P. pumila","elevation",61,0.379243785631278
"P. pumila","elevation",62,0.367696034714682
"P. pumila","elevation",63,0.374524248298865
"P. pumila","elevation",64,0.361832019198357
"P. pumila","elevation",65,0.379904689436472
"P. pumila","elevation",66,0.373332293913101
"P. pumila","elevation",67,0.370582237000724
"P. pumila","elevation",68,0.372687123615095
"P. pumila","elevation",69,0.375817661411116
"P. pumila","elevation",70,0.369115138882394
"P. pumila","elevation",71,0.374607570344485
"P. pumila","elevation",72,0.3655360340728
"P. pumila","elevation",73,0.379227567062871
"P. pumila","elevation",74,0.372543364286942
"P. pumila","elevation",75,0.360476049682406
"P. pumila","elevation",76,0.359182915344539
"P. pumila","elevation",77,0.373961799505341
"P. pumila","elevation",78,0.367453619316784
"P. pumila","elevation",79,0.369061407881533
"P. pumila","elevation",80,0.370457389575501
"P. pumila","elevation",81,0.372669036790312
"P. pumila","elevation",82,0.371253166272724
"P. pumila","elevation",83,0.361902037578426
"P. pumila","elevation",84,0.368151802288849
"P. pumila","elevation",85,0.362418651490099
"P. pumila","elevation",86,0.363816212785131
"P. pumila","elevation",87,0.376912140582255
"P. pumila","elevation",88,0.361890249643541
"P. pumila","elevation",89,0.375912170461951
"P. pumila","elevation",90,0.368716101751366
"P. pumila","elevation",91,0.369336487944115
"P. pumila","elevation",92,0.371286316085077
"P. pumila","elevation",93,0.365527040014385
"P. pumila","elevation",94,0.37653741826218
"P. pumila","elevation",95,0.374213361463551
"P. pumila","elevation",96,0.370578760099709
"P. pumila","elevation",97,0.3671640751372
"P. pumila","elevation",98,0.363754614614114
"P. pumila","elevation",99,0.380770538153524
"P. pumila","elevation",100,0.378878117017769
"P. pumila","pop_density",1,0.00085691313967784
"P. pumila","pop_density",2,0.000874571203090868
"P. pumila","pop_density",3,0.000866897944250655
"P. pumila","pop_density",4,0.0008551833650009
"P. pumila","pop_density",5,0.000865541002962877
"P. pumila","pop_density",6,0.00085986772190727
"P. pumila","pop_density",7,0.000882540319081859
"P. pumila","pop_density",8,0.00085671233692497
"P. pumila","pop_density",9,0.000867441659785806
"P. pumila","pop_density",10,0.000855530049539421
"P. pumila","pop_density",11,0.000879273742492526
"P. pumila","pop_density",12,0.000835040210504956
"P. pumila","pop_density",13,0.000863433011311532
"P. pumila","pop_density",14,0.000892617595377843
"P. pumila","pop_density",15,0.000867524491065419
"P. pumila","pop_density",16,0.000883894943352725
"P. pumila","pop_density",17,0.00087668127958096
"P. pumila","pop_density",18,0.000863322210234885
"P. pumila","pop_density",19,0.000894084037506571
"P. pumila","pop_density",20,0.00085994316297755
"P. pumila","pop_density",21,0.000883533146495918
"P. pumila","pop_density",22,0.000891461950971895
"P. pumila","pop_density",23,0.000866104408993595
"P. pumila","pop_density",24,0.000843149156682266
"P. pumila","pop_density",25,0.000885123566687906
"P. pumila","pop_density",26,0.000868055240392684
"P. pumila","pop_density",27,0.000867278633898794
"P. pumila","pop_density",28,0.000883753728941117
"P. pumila","pop_density",29,0.000864896103057289
"P. pumila","pop_density",30,0.000856494073162684
"P. pumila","pop_density",31,0.000863233397766727
"P. pumila","pop_density",32,0.00086235982001448
"P. pumila","pop_density",33,0.00088024880935178
"P. pumila","pop_density",34,0.000889857880776557
"P. pumila","pop_density",35,0.000865665946529037
"P. pumila","pop_density",36,0.000909693846541382
"P. pumila","pop_density",37,0.000873240062907232
"P. pumila","pop_density",38,0.000905703657630652
"P. pumila","pop_density",39,0.000879810163812889
"P. pumila","pop_density",40,0.000870779789415299
"P. pumila","pop_density",41,0.00088266989860275
"P. pumila","pop_density",42,0.000854303392780587
"P. pumila","pop_density",43,0.000875355912705822
"P. pumila","pop_density",44,0.000871911497490774
"P. pumila","pop_density",45,0.000876416349145148
"P. pumila","pop_density",46,0.000875448411556401
"P. pumila","pop_density",47,0.00087109116169326
"P. pumila","pop_density",48,0.000845151525066923
"P. pumila","pop_density",49,0.000908373864257683
"P. pumila","pop_density",50,0.000863060481010924
"P. pumila","pop_density",51,0.000852019014504934
"P. pumila","pop_density",52,0.000856040988537088
"P. pumila","pop_density",53,0.000895585872579097
"P. pumila","pop_density",54,0.000873601160526705
"P. pumila","pop_density",55,0.000846226126954397
"P. pumila","pop_density",56,0.000847178445131491
"P. pumila","pop_density",57,0.000874344953445738
"P. pumila","pop_density",58,0.000899429037246824
"P. pumila","pop_density",59,0.000851523237832108
"P. pumila","pop_density",60,0.000898967103569959
"P. pumila","pop_density",61,0.000894138881770923
"P. pumila","pop_density",62,0.000849922295583005
"P. pumila","pop_density",63,0.000900544233177203
"P. pumila","pop_density",64,0.000861027511257495
"P. pumila","pop_density",65,0.000836296521975255
"P. pumila","pop_density",66,0.000884087122563937
"P. pumila","pop_density",67,0.000861514182856404
"P. pumila","pop_density",68,0.000859231077128597
"P. pumila","pop_density",69,0.000849743632842626
"P. pumila","pop_density",70,0.00087403462660951
"P. pumila","pop_density",71,0.000858578178508096
"P. pumila","pop_density",72,0.000945890344263067
"P. pumila","pop_density",73,0.000867424740882528
"P. pumila","pop_density",74,0.000880532618553254
"P. pumila","pop_density",75,0.000859876650101787
"P. pumila","pop_density",76,0.00084085421869895
"P. pumila","pop_density",77,0.000854955467113672
"P. pumila","pop_density",78,0.000848670000789253
"P. pumila","pop_density",79,0.000902072181046321
"P. pumila","pop_density",80,0.000891443194556807
"P. pumila","pop_density",81,0.000843111131990204
"P. pumila","pop_density",82,0.000874934778695269
"P. pumila","pop_density",83,0.000884001731167761
"P. pumila","pop_density",84,0.000866521928148845
"P. pumila","pop_density",85,0.000872385964819755
"P. pumila","pop_density",86,0.000910068175843937
"P. pumila","pop_density",87,0.00085301734177734
"P. pumila","pop_density",88,0.000861969825681319
"P. pumila","pop_density",89,0.000881241641785269
"P. pumila","pop_density",90,0.000878109146052797
"P. pumila","pop_density",91,0.000854362516488627
"P. pumila","pop_density",92,0.000857096257484202
"P. pumila","pop_density",93,0.000870258333285467
"P. pumila","pop_density",94,0.000855130702290485
"P. pumila","pop_density",95,0.000891737251299873
"P. pumila","pop_density",96,0.000871291309456623
"P. pumila","pop_density",97,0.000895646132641481
"P. pumila","pop_density",98,0.000841051448864483
"P. pumila","pop_density",99,0.000884959106707828
"P. pumila","pop_density",100,0.000857320194241007
"P. pumila","slope",1,8.75651467746597e-06
"P. pumila","slope",2,8.41803950557551e-06
"P. pumila","slope",3,8.69866316188794e-06
"P. pumila","slope",4,8.79024725464195e-06
"P. pumila","slope",5,8.52208108359509e-06
"P. pumila","slope",6,8.59559883936711e-06
"P. pumila","slope",7,8.80699682204167e-06
"P. pumila","slope",8,8.77605073379417e-06
"P. pumila","slope",9,8.65290988261158e-06
"P. pumila","slope",10,8.69722775598269e-06
"P. pumila","slope",11,8.66434527302395e-06
"P. pumila","slope",12,8.83188558842285e-06
"P. pumila","slope",13,8.56019956330112e-06
"P. pumila","slope",14,8.69254605018188e-06
"P. pumila","slope",15,8.77886302563802e-06
"P. pumila","slope",16,8.76035908758954e-06
"P. pumila","slope",17,8.81272184949378e-06
"P. pumila","slope",18,8.62802272105778e-06
"P. pumila","slope",19,8.72485763692143e-06
"P. pumila","slope",20,8.32405220896337e-06
"P. pumila","slope",21,8.65142916373074e-06
"P. pumila","slope",22,8.79489220173557e-06
"P. pumila","slope",23,8.53562322200574e-06
"P. pumila","slope",24,8.72816062635895e-06
"P. pumila","slope",25,8.40677912838927e-06
"P. pumila","slope",26,8.49548140124945e-06
"P. pumila","slope",27,8.50682308350947e-06
"P. pumila","slope",28,8.46344210037042e-06
"P. pumila","slope",29,8.60987923545498e-06
"P. pumila","slope",30,8.42895012087563e-06
"P. pumila","slope",31,8.550939761931e-06
"P. pumila","slope",32,8.46044611002572e-06
"P. pumila","slope",33,8.80897103872069e-06
"P. pumila","slope",34,8.8402609769167e-06
"P. pumila","slope",35,8.58864712460772e-06
"P. pumila","slope",36,8.61097989812709e-06
"P. pumila","slope",37,8.51758497089072e-06
"P. pumila","slope",38,8.58375435675018e-06
"P. pumila","slope",39,8.65299010510689e-06
"P. pumila","slope",40,8.99202031889867e-06
"P. pumila","slope",41,8.46372850982213e-06
"P. pumila","slope",42,8.93122099143717e-06
"P. pumila","slope",43,8.56870296894741e-06
"P. pumila","slope",44,8.78385037772489e-06
"P. pumila","slope",45,8.34451107389889e-06
"P. pumila","slope",46,8.71752278674975e-06
"P. pumila","slope",47,8.36535754022982e-06
"P. pumila","slope",48,8.65206117850459e-06
"P. pumila","slope",49,8.71053515139053e-06
"P. pumila","slope",50,8.57290594935556e-06
"P. pumila","slope",51,8.55014838418988e-06
"P. pumila","slope",52,8.66087517426006e-06
"P. pumila","slope",53,8.57729491277048e-06
"P. pumila","slope",54,8.70496082083783e-06
"P. pumila","slope",55,8.50317310541193e-06
"P. pumila","slope",56,8.67349192834599e-06
"P. pumila","slope",57,8.60992981122077e-06
"P. pumila","slope",58,8.55421358747499e-06
"P. pumila","slope",59,8.73496493924986e-06
"P. pumila","slope",60,8.88334693782689e-06
"P. pumila","slope",61,8.54933047289563e-06
"P. pumila","slope",62,8.66358776596687e-06
"P. pumila","slope",63,8.54224915081137e-06
"P. pumila","slope",64,8.68519021191005e-06
"P. pumila","slope",65,8.83958332931201e-06
"P. pumila","slope",66,8.6907637640854e-06
"P. pumila","slope",67,8.54182339071752e-06
"P. pumila","slope",68,8.67316560004827e-06
"P. pumila","slope",69,8.64822117274677e-06
"P. pumila","slope",70,8.62215993768789e-06
"P. pumila","slope",71,8.64539988087998e-06
"P. pumila","slope",72,8.78077068644512e-06
"P. pumila","slope",73,8.74151025609393e-06
"P. pumila","slope",74,8.85836255937189e-06
"P. pumila","slope",75,8.41609020818535e-06
"P. pumila","slope",76,8.57847481505747e-06
"P. pumila","slope",77,8.61617112102309e-06
"P. pumila","slope",78,8.64723921145671e-06
"P. pumila","slope",79,8.78187445019218e-06
"P. pumila","slope",80,8.8184478477249e-06
"P. pumila","slope",81,8.66128767229579e-06
"P. pumila","slope",82,8.58588717955744e-06
"P. pumila","slope",83,8.55178404712831e-06
"P. pumila","slope",84,8.72809683383213e-06
"P. pumila","slope",85,8.59626406435332e-06
"P. pumila","slope",86,8.68771360751364e-06
"P. pumila","slope",87,8.53601978034746e-06
"P. pumila","slope",88,8.84277783053111e-06
"P. pumila","slope",89,8.53119854959949e-06
"P. pumila","slope",90,8.80939805447678e-06
"P. pumila","slope",91,8.34305495200915e-06
"P. pumila","slope",92,8.52997876221728e-06
"P. pumila","slope",93,8.44564190571884e-06
"P. pumila","slope",94,8.56209006672159e-06
"P. pumila","slope",95,8.45206665989195e-06
"P. pumila","slope",96,8.41911820959051e-06
"P. pumila","slope",97,8.72295089759945e-06
"P. pumila","slope",98,8.46572837365223e-06
"P. pumila","slope",99,8.66490521145291e-06
"P. pumila","slope",100,8.72990661715534e-06
"P. pumila","aspect",1,0.0131829886017147
"P. pumila","aspect",2,0.0133227458069772
"P. pumila","aspect",3,0.0131643303759849
"P. pumila","aspect",4,0.012765565888897
"P. pumila","aspect",5,0.0129605978547951
"P. pumila","aspect",6,0.0131982085622411
"P. pumila","aspect",7,0.0129529585555593
"P. pumila","aspect",8,0.0132232227529158
"P. pumila","aspect",9,0.0134058059678824
"P. pumila","aspect",10,0.0134730375479077
"P. pumila","aspect",11,0.0131031956779333
"P. pumila","aspect",12,0.0133345156808876
"P. pumila","aspect",13,0.0132674984384803
"P. pumila","aspect",14,0.0130528268579649
"P. pumila","aspect",15,0.0129149861280893
"P. pumila","aspect",16,0.0131419204415879
"P. pumila","aspect",17,0.013249694505678
"P. pumila","aspect",18,0.013096564986152
"P. pumila","aspect",19,0.0129471279324787
"P. pumila","aspect",20,0.0130562182437145
"P. pumila","aspect",21,0.0131101202461296
"P. pumila","aspect",22,0.0133976081946378
"P. pumila","aspect",23,0.0132407700617738
"P. pumila","aspect",24,0.0132113557322068
"P. pumila","aspect",25,0.0132012671268794
"P. pumila","aspect",26,0.0129548416793187
"P. pumila","aspect",27,0.0131252361112419
"P. pumila","aspect",28,0.0132417021882694
"P. pumila","aspect",29,0.0130944960365156
"P. pumila","aspect",30,0.0129203893721274
"P. pumila","aspect",31,0.0131903860254172
"P. pumila","aspect",32,0.0131386274086249
"P. pumila","aspect",33,0.0128018463036548
"P. pumila","aspect",34,0.0129155051355402
"P. pumila","aspect",35,0.0130580190652506
"P. pumila","aspect",36,0.0134163565781839
"P. pumila","aspect",37,0.0131336899160441
"P. pumila","aspect",38,0.0131105497788793
"P. pumila","aspect",39,0.0134145495784038
"P. pumila","aspect",40,0.0132241005395504
"P. pumila","aspect",41,0.0132696012709337
"P. pumila","aspect",42,0.0133168302704721
"P. pumila","aspect",43,0.0131718403443373
"P. pumila","aspect",44,0.0133360097782373
"P. pumila","aspect",45,0.0132690770766776
"P. pumila","aspect",46,0.0132037351034044
"P. pumila","aspect",47,0.0128766290229779
"P. pumila","aspect",48,0.0132890365989785
"P. pumila","aspect",49,0.0133427269429408
"P. pumila","aspect",50,0.013069984171089
"P. pumila","aspect",51,0.0130708623002375
"P. pumila","aspect",52,0.0127096047781039
"P. pumila","aspect",53,0.0132955162991988
"P. pumila","aspect",54,0.013169975919873
"P. pumila","aspect",55,0.0132241004766224
"P. pumila","aspect",56,0.0133858424788612
"P. pumila","aspect",57,0.0134729924862912
"P. pumila","aspect",58,0.0133952232026976
"P. pumila","aspect",59,0.0133519406013166
"P. pumila","aspect",60,0.0135715061827451
"P. pumila","aspect",61,0.0132757964027019
"P. pumila","aspect",62,0.0131472430722718
"P. pumila","aspect",63,0.0128126706977681
"P. pumila","aspect",64,0.0129305426228954
"P. pumila","aspect",65,0.0128643349601941
"P. pumila","aspect",66,0.0130680156601042
"P. pumila","aspect",67,0.0132411506448298
"P. pumila","aspect",68,0.013019908096298
"P. pumila","aspect",69,0.0132898556084114
"P. pumila","aspect",70,0.0132001364911742
"P. pumila","aspect",71,0.0134862605462802
"P. pumila","aspect",72,0.0133414686838919
"P. pumila","aspect",73,0.0130113487962678
"P. pumila","aspect",74,0.0132636651818088
"P. pumila","aspect",75,0.0132679668863432
"P. pumila","aspect",76,0.0129174248527404
"P. pumila","aspect",77,0.0132742522243372
"P. pumila","aspect",78,0.0133511680329834
"P. pumila","aspect",79,0.0130596151517324
"P. pumila","aspect",80,0.0130566469338438
"P. pumila","aspect",81,0.0130588335680694
"P. pumila","aspect",82,0.0131899408632727
"P. pumila","aspect",83,0.0136844206810725
"P. pumila","aspect",84,0.012742944252506
"P. pumila","aspect",85,0.0130478401238696
"P. pumila","aspect",86,0.0134257284955966
"P. pumila","aspect",87,0.0130214510411865
"P. pumila","aspect",88,0.0130222930784925
"P. pumila","aspect",89,0.0132078719708113
"P. pumila","aspect",90,0.0132749011476204
"P. pumila","aspect",91,0.0134307937632465
"P. pumila","aspect",92,0.0131326847792704
"P. pumila","aspect",93,0.0133603859572983
"P. pumila","aspect",94,0.0136181308316804
"P. pumila","aspect",95,0.0132102049434377
"P. pumila","aspect",96,0.0130817303140869
"P. pumila","aspect",97,0.0128720577727329
"P. pumila","aspect",98,0.0130052786447166
"P. pumila","aspect",99,0.0127422588319983
"P. pumila","aspect",100,0.0128922134318536
"R. tomentosum","bio3",1,0.0229414753349404
"R. tomentosum","bio3",2,0.0226939281510691
"R. tomentosum","bio3",3,0.0229968623325838
"R. tomentosum","bio3",4,0.0223874458003901
"R. tomentosum","bio3",5,0.0224874266619598
"R. tomentosum","bio3",6,0.0226442572950595
"R. tomentosum","bio3",7,0.0223181248065392
"R. tomentosum","bio3",8,0.0229718645393995
"R. tomentosum","bio3",9,0.0231681559940803
"R. tomentosum","bio3",10,0.0222035011544889
"R. tomentosum","bio3",11,0.0224088525907582
"R. tomentosum","bio3",12,0.0226863454489206
"R. tomentosum","bio3",13,0.0226349953647216
"R. tomentosum","bio3",14,0.022642594854321
"R. tomentosum","bio3",15,0.0225471942266984
"R. tomentosum","bio3",16,0.0223425547899126
"R. tomentosum","bio3",17,0.0220870822813027
"R. tomentosum","bio3",18,0.022975196961545
"R. tomentosum","bio3",19,0.0231033184930232
"R. tomentosum","bio3",20,0.0227276368584779
"R. tomentosum","bio3",21,0.0223076787603782
"R. tomentosum","bio3",22,0.022526949499955
"R. tomentosum","bio3",23,0.022659229298464
"R. tomentosum","bio3",24,0.0226945040886901
"R. tomentosum","bio3",25,0.022727024595917
"R. tomentosum","bio3",26,0.0229238193456839
"R. tomentosum","bio3",27,0.0226575843938461
"R. tomentosum","bio3",28,0.0226488135039248
"R. tomentosum","bio3",29,0.0227385154091433
"R. tomentosum","bio3",30,0.0229663764604519
"R. tomentosum","bio3",31,0.0226703197463555
"R. tomentosum","bio3",32,0.0225099415509076
"R. tomentosum","bio3",33,0.0225819607004273
"R. tomentosum","bio3",34,0.0225946086548114
"R. tomentosum","bio3",35,0.0224852202654977
"R. tomentosum","bio3",36,0.0227348121981104
"R. tomentosum","bio3",37,0.0225771674421894
"R. tomentosum","bio3",38,0.0225804155683453
"R. tomentosum","bio3",39,0.0227288702376839
"R. tomentosum","bio3",40,0.0231023442246271
"R. tomentosum","bio3",41,0.0232652073096498
"R. tomentosum","bio3",42,0.0222658689622317
"R. tomentosum","bio3",43,0.0222564446407955
"R. tomentosum","bio3",44,0.022792453140334
"R. tomentosum","bio3",45,0.0229025530203624
"R. tomentosum","bio3",46,0.0229814332199042
"R. tomentosum","bio3",47,0.0231172081964504
"R. tomentosum","bio3",48,0.0223712999416149
"R. tomentosum","bio3",49,0.0230698182421798
"R. tomentosum","bio3",50,0.023219018604355
"R. tomentosum","bio3",51,0.0225113362439683
"R. tomentosum","bio3",52,0.0227097114441152
"R. tomentosum","bio3",53,0.0229146589528088
"R. tomentosum","bio3",54,0.0226621630578299
"R. tomentosum","bio3",55,0.0232168652689161
"R. tomentosum","bio3",56,0.0222765886092197
"R. tomentosum","bio3",57,0.0224559529455401
"R. tomentosum","bio3",58,0.0228767852810087
"R. tomentosum","bio3",59,0.0232922206748216
"R. tomentosum","bio3",60,0.0224530204580834
"R. tomentosum","bio3",61,0.0223843915128579
"R. tomentosum","bio3",62,0.0228691450539419
"R. tomentosum","bio3",63,0.0221627321731496
"R. tomentosum","bio3",64,0.0224187954436044
"R. tomentosum","bio3",65,0.023031708037526
"R. tomentosum","bio3",66,0.0228661729965323
"R. tomentosum","bio3",67,0.022595935304633
"R. tomentosum","bio3",68,0.0231515049034963
"R. tomentosum","bio3",69,0.0233781556167071
"R. tomentosum","bio3",70,0.0228455577581368
"R. tomentosum","bio3",71,0.0222260661990294
"R. tomentosum","bio3",72,0.022337099487035
"R. tomentosum","bio3",73,0.0223975458209177
"R. tomentosum","bio3",74,0.0230015227688642
"R. tomentosum","bio3",75,0.02247838007783
"R. tomentosum","bio3",76,0.0232008150851475
"R. tomentosum","bio3",77,0.0227147387964857
"R. tomentosum","bio3",78,0.0227948672944295
"R. tomentosum","bio3",79,0.0222606568048379
"R. tomentosum","bio3",80,0.0227445766673287
"R. tomentosum","bio3",81,0.0224923780196075
"R. tomentosum","bio3",82,0.0230425723015325
"R. tomentosum","bio3",83,0.0227739217984052
"R. tomentosum","bio3",84,0.0227308502200829
"R. tomentosum","bio3",85,0.0231030922799792
"R. tomentosum","bio3",86,0.0223456146643622
"R. tomentosum","bio3",87,0.0227013754351454
"R. tomentosum","bio3",88,0.022715572724633
"R. tomentosum","bio3",89,0.0224909491860326
"R. tomentosum","bio3",90,0.0227301866462258
"R. tomentosum","bio3",91,0.0225230956710161
"R. tomentosum","bio3",92,0.0229827714449637
"R. tomentosum","bio3",93,0.0228176233106038
"R. tomentosum","bio3",94,0.0230613970862051
"R. tomentosum","bio3",95,0.0231867503068328
"R. tomentosum","bio3",96,0.023110359074847
"R. tomentosum","bio3",97,0.022696079097881
"R. tomentosum","bio3",98,0.0229476847064702
"R. tomentosum","bio3",99,0.0225844698756555
"R. tomentosum","bio3",100,0.0231370666958646
"R. tomentosum","bio4",1,0.37507649075248
"R. tomentosum","bio4",2,0.368139115462859
"R. tomentosum","bio4",3,0.370819242489055
"R. tomentosum","bio4",4,0.370428875439077
"R. tomentosum","bio4",5,0.372298457001912
"R. tomentosum","bio4",6,0.37384078865985
"R. tomentosum","bio4",7,0.376366171553574
"R. tomentosum","bio4",8,0.371658601252913
"R. tomentosum","bio4",9,0.374558621824428
"R. tomentosum","bio4",10,0.377996058833257
"R. tomentosum","bio4",11,0.375322287464202
"R. tomentosum","bio4",12,0.364903656656633
"R. tomentosum","bio4",13,0.3740243329749
"R. tomentosum","bio4",14,0.367210285368673
"R. tomentosum","bio4",15,0.379245591588245
"R. tomentosum","bio4",16,0.367111379200096
"R. tomentosum","bio4",17,0.373276767411457
"R. tomentosum","bio4",18,0.373038020635167
"R. tomentosum","bio4",19,0.374158302236024
"R. tomentosum","bio4",20,0.377968119961961
"R. tomentosum","bio4",21,0.371057981009518
"R. tomentosum","bio4",22,0.369640462777452
"R. tomentosum","bio4",23,0.37517057849974
"R. tomentosum","bio4",24,0.372209402398839
"R. tomentosum","bio4",25,0.377347178434322
"R. tomentosum","bio4",26,0.376586007117502
"R. tomentosum","bio4",27,0.381903858960347
"R. tomentosum","bio4",28,0.37221572529392
"R. tomentosum","bio4",29,0.384236085844662
"R. tomentosum","bio4",30,0.373485312472338
"R. tomentosum","bio4",31,0.377522182062426
"R. tomentosum","bio4",32,0.369436683302489
"R. tomentosum","bio4",33,0.378839436878451
"R. tomentosum","bio4",34,0.370041872927532
"R. tomentosum","bio4",35,0.366055286467951
"R. tomentosum","bio4",36,0.369215202737516
"R. tomentosum","bio4",37,0.376414801142755
"R. tomentosum","bio4",38,0.372694313980993
"R. tomentosum","bio4",39,0.37862934473691
"R. tomentosum","bio4",40,0.374201581817026
"R. tomentosum","bio4",41,0.370637626471163
"R. tomentosum","bio4",42,0.38243854760691
"R. tomentosum","bio4",43,0.374611230040768
"R. tomentosum","bio4",44,0.37016109482219
"R. tomentosum","bio4",45,0.377386943199513
"R. tomentosum","bio4",46,0.371292643537346
"R. tomentosum","bio4",47,0.373195791681707
"R. tomentosum","bio4",48,0.374695534256238
"R. tomentosum","bio4",49,0.373770969179773
"R. tomentosum","bio4",50,0.369520661518045
"R. tomentosum","bio4",51,0.375024728328938
"R. tomentosum","bio4",52,0.375301355002674
"R. tomentosum","bio4",53,0.374900804835723
"R. tomentosum","bio4",54,0.37361728301584
"R. tomentosum","bio4",55,0.376214927241776
"R. tomentosum","bio4",56,0.376611672428106
"R. tomentosum","bio4",57,0.371636883275447
"R. tomentosum","bio4",58,0.383008198227433
"R. tomentosum","bio4",59,0.371707412634112
"R. tomentosum","bio4",60,0.380679275098251
"R. tomentosum","bio4",61,0.373838763263791
"R. tomentosum","bio4",62,0.371990557649794
"R. tomentosum","bio4",63,0.381571829818267
"R. tomentosum","bio4",64,0.380620813529961
"R. tomentosum","bio4",65,0.373229009546214
"R. tomentosum","bio4",66,0.376084015619105
"R. tomentosum","bio4",67,0.386949578219762
"R. tomentosum","bio4",68,0.367199998811485
"R. tomentosum","bio4",69,0.381614345412045
"R. tomentosum","bio4",70,0.383413836325019
"R. tomentosum","bio4",71,0.368326024032067
"R. tomentosum","bio4",72,0.366221930877435
"R. tomentosum","bio4",73,0.378164690023234
"R. tomentosum","bio4",74,0.376034048806326
"R. tomentosum","bio4",75,0.367050609658288
"R. tomentosum","bio4",76,0.376646256814796
"R. tomentosum","bio4",77,0.371600115856027
"R. tomentosum","bio4",78,0.37155842270297
"R. tomentosum","bio4",79,0.374752426627787
"R. tomentosum","bio4",80,0.368789228255206
"R. tomentosum","bio4",81,0.377278645708493
"R. tomentosum","bio4",82,0.375189165996967
"R. tomentosum","bio4",83,0.378214468286022
"R. tomentosum","bio4",84,0.375366434995541
"R. tomentosum","bio4",85,0.375273011655031
"R. tomentosum","bio4",86,0.370000236271661
"R. tomentosum","bio4",87,0.374514410313621
"R. tomentosum","bio4",88,0.369627902643139
"R. tomentosum","bio4",89,0.378530995881136
"R. tomentosum","bio4",90,0.372607959909885
"R. tomentosum","bio4",91,0.364707379290858
"R. tomentosum","bio4",92,0.375498738493979
"R. tomentosum","bio4",93,0.376041062784555
"R. tomentosum","bio4",94,0.371099080611019
"R. tomentosum","bio4",95,0.374279890542082
"R. tomentosum","bio4",96,0.375689401698258
"R. tomentosum","bio4",97,0.372386873917049
"R. tomentosum","bio4",98,0.370540352808536
"R. tomentosum","bio4",99,0.372517547501663
"R. tomentosum","bio4",100,0.370947714381288
"R. tomentosum","bio9",1,0.938456418245876
"R. tomentosum","bio9",2,0.943616298497928
"R. tomentosum","bio9",3,0.954820459076831
"R. tomentosum","bio9",4,0.948477564504386
"R. tomentosum","bio9",5,0.951770490318027
"R. tomentosum","bio9",6,0.931188144095193
"R. tomentosum","bio9",7,0.945660833137892
"R. tomentosum","bio9",8,0.935635257866078
"R. tomentosum","bio9",9,0.960542812835074
"R. tomentosum","bio9",10,0.940233552165662
"R. tomentosum","bio9",11,0.943077293982317
"R. tomentosum","bio9",12,0.959515620876111
"R. tomentosum","bio9",13,0.960386272166169
"R. tomentosum","bio9",14,0.954113093150182
"R. tomentosum","bio9",15,0.934710377898701
"R. tomentosum","bio9",16,0.943596990496111
"R. tomentosum","bio9",17,0.948886800454982
"R. tomentosum","bio9",18,0.935775607805285
"R. tomentosum","bio9",19,0.949838706036311
"R. tomentosum","bio9",20,0.946107944535477
"R. tomentosum","bio9",21,0.953361549519498
"R. tomentosum","bio9",22,0.955182992819375
"R. tomentosum","bio9",23,0.948646518285916
"R. tomentosum","bio9",24,0.935338205808194
"R. tomentosum","bio9",25,0.954518849127067
"R. tomentosum","bio9",26,0.937937016860963
"R. tomentosum","bio9",27,0.962453340907847
"R. tomentosum","bio9",28,0.946528123467526
"R. tomentosum","bio9",29,0.940273922308334
"R. tomentosum","bio9",30,0.962001652329825
"R. tomentosum","bio9",31,0.945742374376202
"R. tomentosum","bio9",32,0.950033462364714
"R. tomentosum","bio9",33,0.948228976548437
"R. tomentosum","bio9",34,0.944981044849642
"R. tomentosum","bio9",35,0.94373288347465
"R. tomentosum","bio9",36,0.952584592778943
"R. tomentosum","bio9",37,0.943725337742799
"R. tomentosum","bio9",38,0.941542594338437
"R. tomentosum","bio9",39,0.938442079582008
"R. tomentosum","bio9",40,0.94665963150285
"R. tomentosum","bio9",41,0.950170581295939
"R. tomentosum","bio9",42,0.955177328986686
"R. tomentosum","bio9",43,0.950448781434799
"R. tomentosum","bio9",44,0.956602982571968
"R. tomentosum","bio9",45,0.955371059764425
"R. tomentosum","bio9",46,0.946214568964428
"R. tomentosum","bio9",47,0.943213928574693
"R. tomentosum","bio9",48,0.953039856730001
"R. tomentosum","bio9",49,0.958640081109874
"R. tomentosum","bio9",50,0.943758176711592
"R. tomentosum","bio9",51,0.947544120100888
"R. tomentosum","bio9",52,0.954273853035759
"R. tomentosum","bio9",53,0.933807894645447
"R. tomentosum","bio9",54,0.941005765027381
"R. tomentosum","bio9",55,0.960556841337758
"R. tomentosum","bio9",56,0.92786288455795
"R. tomentosum","bio9",57,0.96194578645643
"R. tomentosum","bio9",58,0.954239099769554
"R. tomentosum","bio9",59,0.936389855200899
"R. tomentosum","bio9",60,0.930527929496871
"R. tomentosum","bio9",61,0.953506064360919
"R. tomentosum","bio9",62,0.948678890542313
"R. tomentosum","bio9",63,0.956231087404221
"R. tomentosum","bio9",64,0.950792010362861
"R. tomentosum","bio9",65,0.939895619854155
"R. tomentosum","bio9",66,0.939038818082698
"R. tomentosum","bio9",67,0.937921399910779
"R. tomentosum","bio9",68,0.950521004870423
"R. tomentosum","bio9",69,0.944890814806023
"R. tomentosum","bio9",70,0.958943694134509
"R. tomentosum","bio9",71,0.947524179482154
"R. tomentosum","bio9",72,0.940069265205896
"R. tomentosum","bio9",73,0.939791029977165
"R. tomentosum","bio9",74,0.966440353980988
"R. tomentosum","bio9",75,0.939318403996561
"R. tomentosum","bio9",76,0.946884153337371
"R. tomentosum","bio9",77,0.968374264429548
"R. tomentosum","bio9",78,0.947734478567856
"R. tomentosum","bio9",79,0.959117802257097
"R. tomentosum","bio9",80,0.952906513590695
"R. tomentosum","bio9",81,0.948636184055711
"R. tomentosum","bio9",82,0.956240727819861
"R. tomentosum","bio9",83,0.935960546885321
"R. tomentosum","bio9",84,0.942338587643004
"R. tomentosum","bio9",85,0.961384980056671
"R. tomentosum","bio9",86,0.934775099345776
"R. tomentosum","bio9",87,0.954272073869959
"R. tomentosum","bio9",88,0.955012964346714
"R. tomentosum","bio9",89,0.93944028483738
"R. tomentosum","bio9",90,0.930167310199471
"R. tomentosum","bio9",91,0.943354262004319
"R. tomentosum","bio9",92,0.952396104250321
"R. tomentosum","bio9",93,0.954257086626981
"R. tomentosum","bio9",94,0.953625389712876
"R. tomentosum","bio9",95,0.937813128427167
"R. tomentosum","bio9",96,0.945931592200977
"R. tomentosum","bio9",97,0.934041814715464
"R. tomentosum","bio9",98,0.954773961727083
"R. tomentosum","bio9",99,0.952713476350111
"R. tomentosum","bio9",100,0.950045203705847
"R. tomentosum","bio12",1,0.0956674343367956
"R. tomentosum","bio12",2,0.0971368291242799
"R. tomentosum","bio12",3,0.095775151934388
"R. tomentosum","bio12",4,0.0974522252377791
"R. tomentosum","bio12",5,0.0959386339840733
"R. tomentosum","bio12",6,0.0957195407308502
"R. tomentosum","bio12",7,0.0975371040247195
"R. tomentosum","bio12",8,0.0982154288236091
"R. tomentosum","bio12",9,0.0964485096474736
"R. tomentosum","bio12",10,0.0992148500611495
"R. tomentosum","bio12",11,0.0963723524348947
"R. tomentosum","bio12",12,0.0967895358299588
"R. tomentosum","bio12",13,0.0967837496965266
"R. tomentosum","bio12",14,0.0953044089095583
"R. tomentosum","bio12",15,0.0977584797204872
"R. tomentosum","bio12",16,0.0981575254325094
"R. tomentosum","bio12",17,0.0964651220130716
"R. tomentosum","bio12",18,0.0965934436749009
"R. tomentosum","bio12",19,0.0960206114477193
"R. tomentosum","bio12",20,0.096092023045831
"R. tomentosum","bio12",21,0.0968180577624651
"R. tomentosum","bio12",22,0.0980048683904232
"R. tomentosum","bio12",23,0.0958106045939895
"R. tomentosum","bio12",24,0.0970253564419854
"R. tomentosum","bio12",25,0.0984081436845251
"R. tomentosum","bio12",26,0.09775355360678
"R. tomentosum","bio12",27,0.0962421162001691
"R. tomentosum","bio12",28,0.0961448057178172
"R. tomentosum","bio12",29,0.0971698609050653
"R. tomentosum","bio12",30,0.0978766384339037
"R. tomentosum","bio12",31,0.0975486297109479
"R. tomentosum","bio12",32,0.0949618091794303
"R. tomentosum","bio12",33,0.10022783732604
"R. tomentosum","bio12",34,0.0988572593006205
"R. tomentosum","bio12",35,0.0950412156925202
"R. tomentosum","bio12",36,0.098141846892851
"R. tomentosum","bio12",37,0.0999970386522658
"R. tomentosum","bio12",38,0.0965728462218762
"R. tomentosum","bio12",39,0.0989220422820735
"R. tomentosum","bio12",40,0.0964276241377479
"R. tomentosum","bio12",41,0.0991089967539158
"R. tomentosum","bio12",42,0.0976351957886703
"R. tomentosum","bio12",43,0.0990453593453882
"R. tomentosum","bio12",44,0.0978950564524723
"R. tomentosum","bio12",45,0.0952979943992937
"R. tomentosum","bio12",46,0.0947036195081749
"R. tomentosum","bio12",47,0.0959385766093647
"R. tomentosum","bio12",48,0.0970715888828851
"R. tomentosum","bio12",49,0.0970966460468338
"R. tomentosum","bio12",50,0.0954428970159333
"R. tomentosum","bio12",51,0.0945119437013879
"R. tomentosum","bio12",52,0.099725634296606
"R. tomentosum","bio12",53,0.097594176802833
"R. tomentosum","bio12",54,0.0994838625135532
"R. tomentosum","bio12",55,0.096326635266361
"R. tomentosum","bio12",56,0.099497325151893
"R. tomentosum","bio12",57,0.0965177895396044
"R. tomentosum","bio12",58,0.0969602607550156
"R. tomentosum","bio12",59,0.09575478109979
"R. tomentosum","bio12",60,0.0975245480905647
"R. tomentosum","bio12",61,0.098158908376054
"R. tomentosum","bio12",62,0.0987323168206027
"R. tomentosum","bio12",63,0.0955855509929575
"R. tomentosum","bio12",64,0.0976164184028081
"R. tomentosum","bio12",65,0.0984585800537218
"R. tomentosum","bio12",66,0.0965036953315381
"R. tomentosum","bio12",67,0.0959443765506908
"R. tomentosum","bio12",68,0.0959154630746439
"R. tomentosum","bio12",69,0.0981542086217357
"R. tomentosum","bio12",70,0.0983520616415198
"R. tomentosum","bio12",71,0.098512870276248
"R. tomentosum","bio12",72,0.093799165731618
"R. tomentosum","bio12",73,0.0951135408722396
"R. tomentosum","bio12",74,0.0978304064868658
"R. tomentosum","bio12",75,0.098588797657013
"R. tomentosum","bio12",76,0.0966795990142242
"R. tomentosum","bio12",77,0.0974914045886582
"R. tomentosum","bio12",78,0.0972420493947719
"R. tomentosum","bio12",79,0.0992932334610609
"R. tomentosum","bio12",80,0.0984719223665094
"R. tomentosum","bio12",81,0.0967810814109259
"R. tomentosum","bio12",82,0.0942894848395951
"R. tomentosum","bio12",83,0.0984471851644092
"R. tomentosum","bio12",84,0.0972394947150299
"R. tomentosum","bio12",85,0.0961779468470817
"R. tomentosum","bio12",86,0.096565118189366
"R. tomentosum","bio12",87,0.0989986068264065
"R. tomentosum","bio12",88,0.0956158590218509
"R. tomentosum","bio12",89,0.0953839110048218
"R. tomentosum","bio12",90,0.0970216300820577
"R. tomentosum","bio12",91,0.096288814298048
"R. tomentosum","bio12",92,0.0961538448572876
"R. tomentosum","bio12",93,0.0965734084783626
"R. tomentosum","bio12",94,0.0981955426407715
"R. tomentosum","bio12",95,0.0959763878466263
"R. tomentosum","bio12",96,0.0971548538253252
"R. tomentosum","bio12",97,0.0980391441076035
"R. tomentosum","bio12",98,0.097340449691781
"R. tomentosum","bio12",99,0.0953304440200392
"R. tomentosum","bio12",100,0.0971297568013305
"R. tomentosum","bio14",1,0.0122043954246602
"R. tomentosum","bio14",2,0.0121011487372543
"R. tomentosum","bio14",3,0.0120764532067855
"R. tomentosum","bio14",4,0.0120486953274189
"R. tomentosum","bio14",5,0.0121804252185818
"R. tomentosum","bio14",6,0.0124372778091869
"R. tomentosum","bio14",7,0.0123861107806612
"R. tomentosum","bio14",8,0.0121883957664287
"R. tomentosum","bio14",9,0.0122536811906947
"R. tomentosum","bio14",10,0.012237499507197
"R. tomentosum","bio14",11,0.0122553282107508
"R. tomentosum","bio14",12,0.0119978435988966
"R. tomentosum","bio14",13,0.0121817523734014
"R. tomentosum","bio14",14,0.012268093970507
"R. tomentosum","bio14",15,0.012249889957576
"R. tomentosum","bio14",16,0.0119655495674854
"R. tomentosum","bio14",17,0.0123537074017145
"R. tomentosum","bio14",18,0.0123435058949658
"R. tomentosum","bio14",19,0.0120989559357387
"R. tomentosum","bio14",20,0.0122226182284402
"R. tomentosum","bio14",21,0.0120420500008933
"R. tomentosum","bio14",22,0.012550908831426
"R. tomentosum","bio14",23,0.0124383828670119
"R. tomentosum","bio14",24,0.0122605404091392
"R. tomentosum","bio14",25,0.0122627166263186
"R. tomentosum","bio14",26,0.0123106083566431
"R. tomentosum","bio14",27,0.012143172217853
"R. tomentosum","bio14",28,0.0122356697726465
"R. tomentosum","bio14",29,0.0122213832649126
"R. tomentosum","bio14",30,0.012376983337159
"R. tomentosum","bio14",31,0.0120500652679056
"R. tomentosum","bio14",32,0.0121524626420958
"R. tomentosum","bio14",33,0.0124780087589843
"R. tomentosum","bio14",34,0.0121778730447486
"R. tomentosum","bio14",35,0.0121932398822293
"R. tomentosum","bio14",36,0.0122791131493587
"R. tomentosum","bio14",37,0.0122544815576773
"R. tomentosum","bio14",38,0.0125842667009547
"R. tomentosum","bio14",39,0.0122150240270275
"R. tomentosum","bio14",40,0.0123403822234683
"R. tomentosum","bio14",41,0.0119947788144569
"R. tomentosum","bio14",42,0.0122347949865041
"R. tomentosum","bio14",43,0.0122265392634426
"R. tomentosum","bio14",44,0.0123646817046489
"R. tomentosum","bio14",45,0.0124270185021809
"R. tomentosum","bio14",46,0.0122346692204082
"R. tomentosum","bio14",47,0.0124272688078595
"R. tomentosum","bio14",48,0.0123686148669797
"R. tomentosum","bio14",49,0.0125168471873014
"R. tomentosum","bio14",50,0.0119826179775248
"R. tomentosum","bio14",51,0.0122461181341338
"R. tomentosum","bio14",52,0.0119864197096331
"R. tomentosum","bio14",53,0.0122442340521105
"R. tomentosum","bio14",54,0.0122261208586542
"R. tomentosum","bio14",55,0.0123682287627431
"R. tomentosum","bio14",56,0.0122875433562457
"R. tomentosum","bio14",57,0.0122482941579064
"R. tomentosum","bio14",58,0.0122064113484611
"R. tomentosum","bio14",59,0.01201362056758
"R. tomentosum","bio14",60,0.0121790314444404
"R. tomentosum","bio14",61,0.0122272619881544
"R. tomentosum","bio14",62,0.0126359923618786
"R. tomentosum","bio14",63,0.0120842347838021
"R. tomentosum","bio14",64,0.0124037558793919
"R. tomentosum","bio14",65,0.0121669516954496
"R. tomentosum","bio14",66,0.0123288879228031
"R. tomentosum","bio14",67,0.0122373760233648
"R. tomentosum","bio14",68,0.0122889520267876
"R. tomentosum","bio14",69,0.0124697363775506
"R. tomentosum","bio14",70,0.0124976319528338
"R. tomentosum","bio14",71,0.0122557829341182
"R. tomentosum","bio14",72,0.0123369479804363
"R. tomentosum","bio14",73,0.0121694196007432
"R. tomentosum","bio14",74,0.0123643810058264
"R. tomentosum","bio14",75,0.012215548946949
"R. tomentosum","bio14",76,0.0122231621367259
"R. tomentosum","bio14",77,0.0120664872021606
"R. tomentosum","bio14",78,0.0122647888454622
"R. tomentosum","bio14",79,0.0122044179890189
"R. tomentosum","bio14",80,0.0122049575734136
"R. tomentosum","bio14",81,0.0122579209899094
"R. tomentosum","bio14",82,0.0122175401136828
"R. tomentosum","bio14",83,0.0120728402912984
"R. tomentosum","bio14",84,0.0123348062535552
"R. tomentosum","bio14",85,0.0124119939030364
"R. tomentosum","bio14",86,0.0120958128373281
"R. tomentosum","bio14",87,0.0121794215106364
"R. tomentosum","bio14",88,0.0120056722421535
"R. tomentosum","bio14",89,0.0123237596842446
"R. tomentosum","bio14",90,0.0123723873721115
"R. tomentosum","bio14",91,0.0122785587435017
"R. tomentosum","bio14",92,0.0121231222813218
"R. tomentosum","bio14",93,0.0122090491316398
"R. tomentosum","bio14",94,0.0121146819096263
"R. tomentosum","bio14",95,0.0121905140784724
"R. tomentosum","bio14",96,0.0121963769860685
"R. tomentosum","bio14",97,0.0123012880877168
"R. tomentosum","bio14",98,0.012222538243471
"R. tomentosum","bio14",99,0.0120500100969341
"R. tomentosum","bio14",100,0.0121815980906679
"R. tomentosum","bio15",1,0.315727266515529
"R. tomentosum","bio15",2,0.327782109888629
"R. tomentosum","bio15",3,0.320351946766961
"R. tomentosum","bio15",4,0.317173998140895
"R. tomentosum","bio15",5,0.325074772978684
"R. tomentosum","bio15",6,0.324170395423922
"R. tomentosum","bio15",7,0.3194920002772
"R. tomentosum","bio15",8,0.313772042903157
"R. tomentosum","bio15",9,0.311909024438125
"R. tomentosum","bio15",10,0.32024017274351
"R. tomentosum","bio15",11,0.322531010761245
"R. tomentosum","bio15",12,0.318984293519977
"R. tomentosum","bio15",13,0.31875686158081
"R. tomentosum","bio15",14,0.316940129787698
"R. tomentosum","bio15",15,0.326026101717989
"R. tomentosum","bio15",16,0.319151480666552
"R. tomentosum","bio15",17,0.320992817340965
"R. tomentosum","bio15",18,0.323314170140832
"R. tomentosum","bio15",19,0.32285125172603
"R. tomentosum","bio15",20,0.314428882375761
"R. tomentosum","bio15",21,0.325242704508358
"R. tomentosum","bio15",22,0.316779812211096
"R. tomentosum","bio15",23,0.323551865808676
"R. tomentosum","bio15",24,0.318814389603798
"R. tomentosum","bio15",25,0.324015362736218
"R. tomentosum","bio15",26,0.317801658785883
"R. tomentosum","bio15",27,0.319948027190423
"R. tomentosum","bio15",28,0.320858648883154
"R. tomentosum","bio15",29,0.316648379786804
"R. tomentosum","bio15",30,0.320535458946843
"R. tomentosum","bio15",31,0.321545379311674
"R. tomentosum","bio15",32,0.327416968124767
"R. tomentosum","bio15",33,0.31548863514262
"R. tomentosum","bio15",34,0.323495713810565
"R. tomentosum","bio15",35,0.321436056798589
"R. tomentosum","bio15",36,0.319172131516158
"R. tomentosum","bio15",37,0.323152229377453
"R. tomentosum","bio15",38,0.323505782581239
"R. tomentosum","bio15",39,0.321038642588175
"R. tomentosum","bio15",40,0.317227396497345
"R. tomentosum","bio15",41,0.316990714699595
"R. tomentosum","bio15",42,0.32051905240987
"R. tomentosum","bio15",43,0.32337869389662
"R. tomentosum","bio15",44,0.318044196267452
"R. tomentosum","bio15",45,0.318913595669346
"R. tomentosum","bio15",46,0.31959434600943
"R. tomentosum","bio15",47,0.316178105992143
"R. tomentosum","bio15",48,0.320174435361343
"R. tomentosum","bio15",49,0.312129979993789
"R. tomentosum","bio15",50,0.330497451193545
"R. tomentosum","bio15",51,0.321858004731614
"R. tomentosum","bio15",52,0.323458881874672
"R. tomentosum","bio15",53,0.316680258099228
"R. tomentosum","bio15",54,0.320128074052106
"R. tomentosum","bio15",55,0.319388296491391
"R. tomentosum","bio15",56,0.324140413683643
"R. tomentosum","bio15",57,0.315728548715823
"R. tomentosum","bio15",58,0.31981250388859
"R. tomentosum","bio15",59,0.314249907655514
"R. tomentosum","bio15",60,0.32685893376368
"R. tomentosum","bio15",61,0.320497858508294
"R. tomentosum","bio15",62,0.312779107595222
"R. tomentosum","bio15",63,0.31732924857477
"R. tomentosum","bio15",64,0.323823817941131
"R. tomentosum","bio15",65,0.320399290734495
"R. tomentosum","bio15",66,0.319095932183518
"R. tomentosum","bio15",67,0.31790182554274
"R. tomentosum","bio15",68,0.322437077934454
"R. tomentosum","bio15",69,0.316618580080027
"R. tomentosum","bio15",70,0.315939198245434
"R. tomentosum","bio15",71,0.318630034285139
"R. tomentosum","bio15",72,0.319150774686785
"R. tomentosum","bio15",73,0.317888277685356
"R. tomentosum","bio15",74,0.321493562507851
"R. tomentosum","bio15",75,0.313333981630469
"R. tomentosum","bio15",76,0.323069249263967
"R. tomentosum","bio15",77,0.320047343597271
"R. tomentosum","bio15",78,0.315527110218283
"R. tomentosum","bio15",79,0.317674436231513
"R. tomentosum","bio15",80,0.323316987893401
"R. tomentosum","bio15",81,0.327091921132863
"R. tomentosum","bio15",82,0.322300103842088
"R. tomentosum","bio15",83,0.323308071703684
"R. tomentosum","bio15",84,0.316365340229744
"R. tomentosum","bio15",85,0.31851745837613
"R. tomentosum","bio15",86,0.319497340550441
"R. tomentosum","bio15",87,0.315323659147297
"R. tomentosum","bio15",88,0.325798240760781
"R. tomentosum","bio15",89,0.322825872457857
"R. tomentosum","bio15",90,0.319582387735895
"R. tomentosum","bio15",91,0.320425861065118
"R. tomentosum","bio15",92,0.321910614433316
"R. tomentosum","bio15",93,0.327829618633081
"R. tomentosum","bio15",94,0.308056157833483
"R. tomentosum","bio15",95,0.319943710285716
"R. tomentosum","bio15",96,0.32185215267137
"R. tomentosum","bio15",97,0.317846085242497
"R. tomentosum","bio15",98,0.32051964051858
"R. tomentosum","bio15",99,0.317632356323624
"R. tomentosum","bio15",100,0.321674970315535
"R. tomentosum","elevation",1,0.457855886316767
"R. tomentosum","elevation",2,0.458088604602777
"R. tomentosum","elevation",3,0.456987044116898
"R. tomentosum","elevation",4,0.455370527324984
"R. tomentosum","elevation",5,0.460812664066364
"R. tomentosum","elevation",6,0.464907480965509
"R. tomentosum","elevation",7,0.460196130212207
"R. tomentosum","elevation",8,0.456156318845622
"R. tomentosum","elevation",9,0.460232827092747
"R. tomentosum","elevation",10,0.466317615711588
"R. tomentosum","elevation",11,0.452933905242238
"R. tomentosum","elevation",12,0.456609347186437
"R. tomentosum","elevation",13,0.453053058885986
"R. tomentosum","elevation",14,0.467233870482306
"R. tomentosum","elevation",15,0.452660088160912
"R. tomentosum","elevation",16,0.452067877807305
"R. tomentosum","elevation",17,0.46208452811319
"R. tomentosum","elevation",18,0.457861622487127
"R. tomentosum","elevation",19,0.449949653677542
"R. tomentosum","elevation",20,0.453239522944984
"R. tomentosum","elevation",21,0.451590844222332
"R. tomentosum","elevation",22,0.468223202795888
"R. tomentosum","elevation",23,0.460892220721305
"R. tomentosum","elevation",24,0.453692686025923
"R. tomentosum","elevation",25,0.455744789326594
"R. tomentosum","elevation",26,0.46647469379744
"R. tomentosum","elevation",27,0.457766400246386
"R. tomentosum","elevation",28,0.4580841454295
"R. tomentosum","elevation",29,0.460014484693821
"R. tomentosum","elevation",30,0.456531684150541
"R. tomentosum","elevation",31,0.454416498364805
"R. tomentosum","elevation",32,0.457095244287723
"R. tomentosum","elevation",33,0.454438374987576
"R. tomentosum","elevation",34,0.453723717755631
"R. tomentosum","elevation",35,0.449826155376905
"R. tomentosum","elevation",36,0.462419683025458
"R. tomentosum","elevation",37,0.46263547689297
"R. tomentosum","elevation",38,0.463924204229473
"R. tomentosum","elevation",39,0.454518931855458
"R. tomentosum","elevation",40,0.462469821155065
"R. tomentosum","elevation",41,0.452223579432018
"R. tomentosum","elevation",42,0.452787402273608
"R. tomentosum","elevation",43,0.461982771299696
"R. tomentosum","elevation",44,0.465687345352984
"R. tomentosum","elevation",45,0.454086281552953
"R. tomentosum","elevation",46,0.457769460577087
"R. tomentosum","elevation",47,0.458701814718327
"R. tomentosum","elevation",48,0.458042429015263
"R. tomentosum","elevation",49,0.458652996607991
"R. tomentosum","elevation",50,0.458386129646014
"R. tomentosum","elevation",51,0.459948148910621
"R. tomentosum","elevation",52,0.452572121507631
"R. tomentosum","elevation",53,0.446659115956881
"R. tomentosum","elevation",54,0.460115823033235
"R. tomentosum","elevation",55,0.456123943073981
"R. tomentosum","elevation",56,0.463949169808239
"R. tomentosum","elevation",57,0.460813879178071
"R. tomentosum","elevation",58,0.457720637340165
"R. tomentosum","elevation",59,0.455648994690461
"R. tomentosum","elevation",60,0.456588870428182
"R. tomentosum","elevation",61,0.452722538914215
"R. tomentosum","elevation",62,0.456496942287564
"R. tomentosum","elevation",63,0.456116694530225
"R. tomentosum","elevation",64,0.465612164067747
"R. tomentosum","elevation",65,0.462155276628838
"R. tomentosum","elevation",66,0.457437841056416
"R. tomentosum","elevation",67,0.460712429473993
"R. tomentosum","elevation",68,0.455281209262527
"R. tomentosum","elevation",69,0.462935040146992
"R. tomentosum","elevation",70,0.455745184147985
"R. tomentosum","elevation",71,0.450401343393209
"R. tomentosum","elevation",72,0.457343891854759
"R. tomentosum","elevation",73,0.464991826167137
"R. tomentosum","elevation",74,0.461318488216919
"R. tomentosum","elevation",75,0.457181295891902
"R. tomentosum","elevation",76,0.46236312695472
"R. tomentosum","elevation",77,0.452261593133888
"R. tomentosum","elevation",78,0.452916431823562
"R. tomentosum","elevation",79,0.458682599196944
"R. tomentosum","elevation",80,0.455346662267417
"R. tomentosum","elevation",81,0.449528331310799
"R. tomentosum","elevation",82,0.454131989862786
"R. tomentosum","elevation",83,0.459722875478332
"R. tomentosum","elevation",84,0.461398076460837
"R. tomentosum","elevation",85,0.46151142240505
"R. tomentosum","elevation",86,0.456640901355187
"R. tomentosum","elevation",87,0.451503607146812
"R. tomentosum","elevation",88,0.449583305117719
"R. tomentosum","elevation",89,0.461199926018202
"R. tomentosum","elevation",90,0.461200798037599
"R. tomentosum","elevation",91,0.459092246639565
"R. tomentosum","elevation",92,0.456799673210882
"R. tomentosum","elevation",93,0.447708510657873
"R. tomentosum","elevation",94,0.461418446770702
"R. tomentosum","elevation",95,0.455424448269114
"R. tomentosum","elevation",96,0.456128628211815
"R. tomentosum","elevation",97,0.455085286580229
"R. tomentosum","elevation",98,0.457824084290851
"R. tomentosum","elevation",99,0.455546845245948
"R. tomentosum","elevation",100,0.456247705452185
"R. tomentosum","pop_density",1,0.0290485137407697
"R. tomentosum","pop_density",2,0.0279512225313723
"R. tomentosum","pop_density",3,0.0287013647275268
"R. tomentosum","pop_density",4,0.0288762154208968
"R. tomentosum","pop_density",5,0.0286490474563519
"R. tomentosum","pop_density",6,0.0288921989885196
"R. tomentosum","pop_density",7,0.0279075335981881
"R. tomentosum","pop_density",8,0.0291643732087157
"R. tomentosum","pop_density",9,0.0284659872292851
"R. tomentosum","pop_density",10,0.0286967595521004
"R. tomentosum","pop_density",11,0.028395498907254
"R. tomentosum","pop_density",12,0.0295866693197196
"R. tomentosum","pop_density",13,0.0293103556066948
"R. tomentosum","pop_density",14,0.028296972931148
"R. tomentosum","pop_density",15,0.0283599179677192
"R. tomentosum","pop_density",16,0.029080730878321
"R. tomentosum","pop_density",17,0.0289246506794106
"R. tomentosum","pop_density",18,0.0300248905813912
"R. tomentosum","pop_density",19,0.0284308981231918
"R. tomentosum","pop_density",20,0.0286181136584464
"R. tomentosum","pop_density",21,0.0285925962147779
"R. tomentosum","pop_density",22,0.0295603294868555
"R. tomentosum","pop_density",23,0.0288895446498985
"R. tomentosum","pop_density",24,0.028055786337114
"R. tomentosum","pop_density",25,0.0282765686293864
"R. tomentosum","pop_density",26,0.0286088495785767
"R. tomentosum","pop_density",27,0.0289164581176737
"R. tomentosum","pop_density",28,0.0281034126040528
"R. tomentosum","pop_density",29,0.0289162978459493
"R. tomentosum","pop_density",30,0.0297328118859519
"R. tomentosum","pop_density",31,0.0286120808778991
"R. tomentosum","pop_density",32,0.0281609164212767
"R. tomentosum","pop_density",33,0.0281262593126369
"R. tomentosum","pop_density",34,0.0282949731916039
"R. tomentosum","pop_density",35,0.0289098624557015
"R. tomentosum","pop_density",36,0.0286639776630866
"R. tomentosum","pop_density",37,0.0292419444664929
"R. tomentosum","pop_density",38,0.0287915440603511
"R. tomentosum","pop_density",39,0.0288195763269143
"R. tomentosum","pop_density",40,0.0294033251569478
"R. tomentosum","pop_density",41,0.0284245751275722
"R. tomentosum","pop_density",42,0.0280408377908942
"R. tomentosum","pop_density",43,0.0289937245986328
"R. tomentosum","pop_density",44,0.0290051924148222
"R. tomentosum","pop_density",45,0.0287561695704328
"R. tomentosum","pop_density",46,0.0289557985775324
"R. tomentosum","pop_density",47,0.0284720794231289
"R. tomentosum","pop_density",48,0.0284575813258674
"R. tomentosum","pop_density",49,0.0288810029560304
"R. tomentosum","pop_density",50,0.0290349139943911
"R. tomentosum","pop_density",51,0.0285082954266669
"R. tomentosum","pop_density",52,0.0282282151839874
"R. tomentosum","pop_density",53,0.0283200643024141
"R. tomentosum","pop_density",54,0.0292182251807335
"R. tomentosum","pop_density",55,0.0292403756846553
"R. tomentosum","pop_density",56,0.0287916970405073
"R. tomentosum","pop_density",57,0.0278206565926048
"R. tomentosum","pop_density",58,0.0291741436522147
"R. tomentosum","pop_density",59,0.0290879711717916
"R. tomentosum","pop_density",60,0.0287183969326064
"R. tomentosum","pop_density",61,0.0282973923843005
"R. tomentosum","pop_density",62,0.0297199920437723
"R. tomentosum","pop_density",63,0.0285160227744927
"R. tomentosum","pop_density",64,0.0279441412829663
"R. tomentosum","pop_density",65,0.0286278414166565
"R. tomentosum","pop_density",66,0.0285623464849396
"R. tomentosum","pop_density",67,0.028428152126996
"R. tomentosum","pop_density",68,0.029620341766413
"R. tomentosum","pop_density",69,0.0286852201240294
"R. tomentosum","pop_density",70,0.0295451843721972
"R. tomentosum","pop_density",71,0.0280457234199735
"R. tomentosum","pop_density",72,0.0294122095561613
"R. tomentosum","pop_density",73,0.0287544298489869
"R. tomentosum","pop_density",74,0.0288462437330107
"R. tomentosum","pop_density",75,0.0287485747717319
"R. tomentosum","pop_density",76,0.0291589017065577
"R. tomentosum","pop_density",77,0.0283815482847123
"R. tomentosum","pop_density",78,0.0287744958764056
"R. tomentosum","pop_density",79,0.0285238808918403
"R. tomentosum","pop_density",80,0.0288169410391726
"R. tomentosum","pop_density",81,0.0283215646004894
"R. tomentosum","pop_density",82,0.0286482347669187
"R. tomentosum","pop_density",83,0.0290499872484891
"R. tomentosum","pop_density",84,0.0287907316675754
"R. tomentosum","pop_density",85,0.0286099876381831
"R. tomentosum","pop_density",86,0.0287569125495483
"R. tomentosum","pop_density",87,0.0295957616964349
"R. tomentosum","pop_density",88,0.0282560535040064
"R. tomentosum","pop_density",89,0.0281226907713273
"R. tomentosum","pop_density",90,0.0285927513137225
"R. tomentosum","pop_density",91,0.0287290875993789
"R. tomentosum","pop_density",92,0.0285470111529234
"R. tomentosum","pop_density",93,0.0284090608723297
"R. tomentosum","pop_density",94,0.0289318619046092
"R. tomentosum","pop_density",95,0.0293177415709035
"R. tomentosum","pop_density",96,0.0289772418425058
"R. tomentosum","pop_density",97,0.0282633290818785
"R. tomentosum","pop_density",98,0.0285105345426663
"R. tomentosum","pop_density",99,0.0287563466952448
"R. tomentosum","pop_density",100,0.0288104564723893
"R. tomentosum","slope",1,0.0633174692244987
"R. tomentosum","slope",2,0.0626858820169991
"R. tomentosum","slope",3,0.0628492558518919
"R. tomentosum","slope",4,0.0631711594933709
"R. tomentosum","slope",5,0.0627080249027802
"R. tomentosum","slope",6,0.0621718978015156
"R. tomentosum","slope",7,0.0625430909760946
"R. tomentosum","slope",8,0.0630838298907911
"R. tomentosum","slope",9,0.064233584669582
"R. tomentosum","slope",10,0.062695571893284
"R. tomentosum","slope",11,0.0625753605972715
"R. tomentosum","slope",12,0.0635563809160701
"R. tomentosum","slope",13,0.0625241757303754
"R. tomentosum","slope",14,0.0639712228946695
"R. tomentosum","slope",15,0.0625065648327875
"R. tomentosum","slope",16,0.063932088929517
"R. tomentosum","slope",17,0.0617722964927758
"R. tomentosum","slope",18,0.0627767644842072
"R. tomentosum","slope",19,0.0630812407975423
"R. tomentosum","slope",20,0.0618009134093085
"R. tomentosum","slope",21,0.0638659222550528
"R. tomentosum","slope",22,0.0637586702665859
"R. tomentosum","slope",23,0.0639718135806847
"R. tomentosum","slope",24,0.0620982091164746
"R. tomentosum","slope",25,0.0650384243687055
"R. tomentosum","slope",26,0.0631484654564435
"R. tomentosum","slope",27,0.0618926004122708
"R. tomentosum","slope",28,0.0628942390733996
"R. tomentosum","slope",29,0.0620416521147805
"R. tomentosum","slope",30,0.0612169213761911
"R. tomentosum","slope",31,0.0616211478882065
"R. tomentosum","slope",32,0.0623733408764019
"R. tomentosum","slope",33,0.0625052431388876
"R. tomentosum","slope",34,0.0622244891617665
"R. tomentosum","slope",35,0.0634023982093133
"R. tomentosum","slope",36,0.0630739420589207
"R. tomentosum","slope",37,0.0636905009211246
"R. tomentosum","slope",38,0.0647973741437131
"R. tomentosum","slope",39,0.0628699230250701
"R. tomentosum","slope",40,0.062427186736278
"R. tomentosum","slope",41,0.0616456409484931
"R. tomentosum","slope",42,0.0614600320869541
"R. tomentosum","slope",43,0.064540377912049
"R. tomentosum","slope",44,0.0628844790987183
"R. tomentosum","slope",45,0.0653877082110823
"R. tomentosum","slope",46,0.0646438616669432
"R. tomentosum","slope",47,0.0627844199527544
"R. tomentosum","slope",48,0.0640491444067115
"R. tomentosum","slope",49,0.063154357698342
"R. tomentosum","slope",50,0.0642902860004567
"R. tomentosum","slope",51,0.0607175267037333
"R. tomentosum","slope",52,0.0640414669685992
"R. tomentosum","slope",53,0.0637325537222351
"R. tomentosum","slope",54,0.0627473511541038
"R. tomentosum","slope",55,0.0616461898092133
"R. tomentosum","slope",56,0.0618833988547266
"R. tomentosum","slope",57,0.0634572744591155
"R. tomentosum","slope",58,0.0639732888799601
"R. tomentosum","slope",59,0.0630466038227566
"R. tomentosum","slope",60,0.0645243003220977
"R. tomentosum","slope",61,0.0638844248069256
"R. tomentosum","slope",62,0.063272243631262
"R. tomentosum","slope",63,0.0644206944030313
"R. tomentosum","slope",64,0.0634846617294748
"R. tomentosum","slope",65,0.0624624143400397
"R. tomentosum","slope",66,0.0625432538951075
"R. tomentosum","slope",67,0.0632880083942998
"R. tomentosum","slope",68,0.0649883037510712
"R. tomentosum","slope",69,0.0626690442911487
"R. tomentosum","slope",70,0.0632118671235697
"R. tomentosum","slope",71,0.0630378385474119
"R. tomentosum","slope",72,0.0619364423480093
"R. tomentosum","slope",73,0.0632047038312105
"R. tomentosum","slope",74,0.0641861891996435
"R. tomentosum","slope",75,0.0641724235593404
"R. tomentosum","slope",76,0.0634343486835119
"R. tomentosum","slope",77,0.0614598019602366
"R. tomentosum","slope",78,0.0627324303739635
"R. tomentosum","slope",79,0.0641340889419012
"R. tomentosum","slope",80,0.0621847024038444
"R. tomentosum","slope",81,0.0627283334107664
"R. tomentosum","slope",82,0.062974256921195
"R. tomentosum","slope",83,0.0634942205615713
"R. tomentosum","slope",84,0.0624158728680685
"R. tomentosum","slope",85,0.0636511848866077
"R. tomentosum","slope",86,0.0631243165727163
"R. tomentosum","slope",87,0.0632976712338906
"R. tomentosum","slope",88,0.063224129895705
"R. tomentosum","slope",89,0.0629861932869226
"R. tomentosum","slope",90,0.0612986993588264
"R. tomentosum","slope",91,0.06361616069831
"R. tomentosum","slope",92,0.0647876988081074
"R. tomentosum","slope",93,0.0643941303883848
"R. tomentosum","slope",94,0.0620350586945562
"R. tomentosum","slope",95,0.0636013595602202
"R. tomentosum","slope",96,0.0645478454004202
"R. tomentosum","slope",97,0.0629918695587571
"R. tomentosum","slope",98,0.0621705208430063
"R. tomentosum","slope",99,0.0626084943872187
"R. tomentosum","slope",100,0.0622855275121821
"R. tomentosum","aspect",1,0.0246727115861903
"R. tomentosum","aspect",2,0.0249371979194801
"R. tomentosum","aspect",3,0.0246096237387515
"R. tomentosum","aspect",4,0.024567807205384
"R. tomentosum","aspect",5,0.0247185334369336
"R. tomentosum","aspect",6,0.0245833914550589
"R. tomentosum","aspect",7,0.0255075918882296
"R. tomentosum","aspect",8,0.0245079684928177
"R. tomentosum","aspect",9,0.0250355874764935
"R. tomentosum","aspect",10,0.0246197909857409
"R. tomentosum","aspect",11,0.0245727850161325
"R. tomentosum","aspect",12,0.0249660398556028
"R. tomentosum","aspect",13,0.0248801724203803
"R. tomentosum","aspect",14,0.0245524892600425
"R. tomentosum","aspect",15,0.0250018208186537
"R. tomentosum","aspect",16,0.0243794398173287
"R. tomentosum","aspect",17,0.0248169848317998
"R. tomentosum","aspect",18,0.0249683382350072
"R. tomentosum","aspect",19,0.0240341463224417
"R. tomentosum","aspect",20,0.0244371544369962
"R. tomentosum","aspect",21,0.0246098415135494
"R. tomentosum","aspect",22,0.0245400975961071
"R. tomentosum","aspect",23,0.0247504369078581
"R. tomentosum","aspect",24,0.0244510869841927
"R. tomentosum","aspect",25,0.0249673746311825
"R. tomentosum","aspect",26,0.0246890964654102
"R. tomentosum","aspect",27,0.0242671173949196
"R. tomentosum","aspect",28,0.0247584391588652
"R. tomentosum","aspect",29,0.0247948597713367
"R. tomentosum","aspect",30,0.0243143703710061
"R. tomentosum","aspect",31,0.0247812208809911
"R. tomentosum","aspect",32,0.0246192903907362
"R. tomentosum","aspect",33,0.0246790683351262
"R. tomentosum","aspect",34,0.0243249125013818
"R. tomentosum","aspect",35,0.0247792550773737
"R. tomentosum","aspect",36,0.0245807126486307
"R. tomentosum","aspect",37,0.0248322239853608
"R. tomentosum","aspect",38,0.0250054368465922
"R. tomentosum","aspect",39,0.0249276145022403
"R. tomentosum","aspect",40,0.0248349715473223
"R. tomentosum","aspect",41,0.024527036427643
"R. tomentosum","aspect",42,0.0244593500687724
"R. tomentosum","aspect",43,0.0247574439596872
"R. tomentosum","aspect",44,0.0250937892885159
"R. tomentosum","aspect",45,0.0244056624570761
"R. tomentosum","aspect",46,0.0246407899078136
"R. tomentosum","aspect",47,0.0245417486294462
"R. tomentosum","aspect",48,0.0245709618418261
"R. tomentosum","aspect",49,0.024441048527801
"R. tomentosum","aspect",50,0.0242648421185597
"R. tomentosum","aspect",51,0.0238882240946712
"R. tomentosum","aspect",52,0.0244289572465473
"R. tomentosum","aspect",53,0.0244361946772803
"R. tomentosum","aspect",54,0.0246021368798315
"R. tomentosum","aspect",55,0.0247971636510407
"R. tomentosum","aspect",56,0.0257177413601934
"R. tomentosum","aspect",57,0.0248182183972855
"R. tomentosum","aspect",58,0.0244594622356512
"R. tomentosum","aspect",59,0.0251420979021132
"R. tomentosum","aspect",60,0.024363721681529
"R. tomentosum","aspect",61,0.0242032422585529
"R. tomentosum","aspect",62,0.0248124278933364
"R. tomentosum","aspect",63,0.0251159753476419
"R. tomentosum","aspect",64,0.0243854258390812
"R. tomentosum","aspect",65,0.0247831564708199
"R. tomentosum","aspect",66,0.0247074709751111
"R. tomentosum","aspect",67,0.0248175102616062
"R. tomentosum","aspect",68,0.0239615254410335
"R. tomentosum","aspect",69,0.025053542107782
"R. tomentosum","aspect",70,0.0255037208132668
"R. tomentosum","aspect",71,0.0245893772810009
"R. tomentosum","aspect",72,0.0248397467965416
"R. tomentosum","aspect",73,0.0247339994227113
"R. tomentosum","aspect",74,0.0246630246451262
"R. tomentosum","aspect",75,0.0248979116342261
"R. tomentosum","aspect",76,0.0247258568900878
"R. tomentosum","aspect",77,0.025198222581627
"R. tomentosum","aspect",78,0.0242878329807871
"R. tomentosum","aspect",79,0.0246042250943407
"R. tomentosum","aspect",80,0.0244134910409105
"R. tomentosum","aspect",81,0.0238939507515873
"R. tomentosum","aspect",82,0.0246186918694041
"R. tomentosum","aspect",83,0.0248483206286718
"R. tomentosum","aspect",84,0.0246146346464496
"R. tomentosum","aspect",85,0.0241790881404536
"R. tomentosum","aspect",86,0.0239376580748976
"R. tomentosum","aspect",87,0.0245136442797028
"R. tomentosum","aspect",88,0.0247814750815187
"R. tomentosum","aspect",89,0.0242477053586057
"R. tomentosum","aspect",90,0.0242622952155558
"R. tomentosum","aspect",91,0.0238256386109745
"R. tomentosum","aspect",92,0.024588954978468
"R. tomentosum","aspect",93,0.0245385796113559
"R. tomentosum","aspect",94,0.0247567666945354
"R. tomentosum","aspect",95,0.0243784457445899
"R. tomentosum","aspect",96,0.0246020262235271
"R. tomentosum","aspect",97,0.0247864039706606
"R. tomentosum","aspect",98,0.0245330886045872
"R. tomentosum","aspect",99,0.0246367388367352
"R. tomentosum","aspect",100,0.0249962108281869
"V. vitis-idaea","bio3",1,0.0206266674024715
"V. vitis-idaea","bio3",2,0.0201981453190063
"V. vitis-idaea","bio3",3,0.0206545578844702
"V. vitis-idaea","bio3",4,0.0205739764969811
"V. vitis-idaea","bio3",5,0.0204747015700879
"V. vitis-idaea","bio3",6,0.0207473682845057
"V. vitis-idaea","bio3",7,0.021050925980255
"V. vitis-idaea","bio3",8,0.0206288150092475
"V. vitis-idaea","bio3",9,0.0205995188000218
"V. vitis-idaea","bio3",10,0.0204284253882967
"V. vitis-idaea","bio3",11,0.0210748469782432
"V. vitis-idaea","bio3",12,0.0206021551248565
"V. vitis-idaea","bio3",13,0.0216783335778445
"V. vitis-idaea","bio3",14,0.0201446047575968
"V. vitis-idaea","bio3",15,0.0209820095666957
"V. vitis-idaea","bio3",16,0.0204246851747827
"V. vitis-idaea","bio3",17,0.0208526959793118
"V. vitis-idaea","bio3",18,0.0202495955403832
"V. vitis-idaea","bio3",19,0.0210663652628936
"V. vitis-idaea","bio3",20,0.020551030499983
"V. vitis-idaea","bio3",21,0.0211830302425441
"V. vitis-idaea","bio3",22,0.0205294317327348
"V. vitis-idaea","bio3",23,0.0205884223547805
"V. vitis-idaea","bio3",24,0.0211560995951661
"V. vitis-idaea","bio3",25,0.0207587348744093
"V. vitis-idaea","bio3",26,0.0208907594776776
"V. vitis-idaea","bio3",27,0.0205035430161165
"V. vitis-idaea","bio3",28,0.0211850473350068
"V. vitis-idaea","bio3",29,0.0214003829989703
"V. vitis-idaea","bio3",30,0.0210129789711704
"V. vitis-idaea","bio3",31,0.0204263148787478
"V. vitis-idaea","bio3",32,0.0203046463315147
"V. vitis-idaea","bio3",33,0.0211089742216397
"V. vitis-idaea","bio3",34,0.0210748947830721
"V. vitis-idaea","bio3",35,0.0211540234842165
"V. vitis-idaea","bio3",36,0.0211840408779723
"V. vitis-idaea","bio3",37,0.0208396947618408
"V. vitis-idaea","bio3",38,0.0207380280476969
"V. vitis-idaea","bio3",39,0.0208110849408897
"V. vitis-idaea","bio3",40,0.0204921625388789
"V. vitis-idaea","bio3",41,0.0210791937838768
"V. vitis-idaea","bio3",42,0.0210916567097281
"V. vitis-idaea","bio3",43,0.0209426472162505
"V. vitis-idaea","bio3",44,0.0209533339985211
"V. vitis-idaea","bio3",45,0.0208689842511016
"V. vitis-idaea","bio3",46,0.0205834787552748
"V. vitis-idaea","bio3",47,0.0211299225810997
"V. vitis-idaea","bio3",48,0.0205760359342242
"V. vitis-idaea","bio3",49,0.0206146988986209
"V. vitis-idaea","bio3",50,0.0208604822051898
"V. vitis-idaea","bio3",51,0.021118686760799
"V. vitis-idaea","bio3",52,0.0204867996566923
"V. vitis-idaea","bio3",53,0.0208990503595192
"V. vitis-idaea","bio3",54,0.0204421224392006
"V. vitis-idaea","bio3",55,0.0209248602080739
"V. vitis-idaea","bio3",56,0.0208950039891661
"V. vitis-idaea","bio3",57,0.0207155968012025
"V. vitis-idaea","bio3",58,0.02071933042977
"V. vitis-idaea","bio3",59,0.0204611080527979
"V. vitis-idaea","bio3",60,0.0206587628678073
"V. vitis-idaea","bio3",61,0.0211944492943527
"V. vitis-idaea","bio3",62,0.0211213716549425
"V. vitis-idaea","bio3",63,0.020923288922998
"V. vitis-idaea","bio3",64,0.0204620545644313
"V. vitis-idaea","bio3",65,0.0204464153018141
"V. vitis-idaea","bio3",66,0.0204156805986421
"V. vitis-idaea","bio3",67,0.0206413462481867
"V. vitis-idaea","bio3",68,0.0210492977567993
"V. vitis-idaea","bio3",69,0.020817638020899
"V. vitis-idaea","bio3",70,0.0206534655070822
"V. vitis-idaea","bio3",71,0.020985919515246
"V. vitis-idaea","bio3",72,0.0208292706769381
"V. vitis-idaea","bio3",73,0.0206734010064743
"V. vitis-idaea","bio3",74,0.0203123279947289
"V. vitis-idaea","bio3",75,0.0208784107646827
"V. vitis-idaea","bio3",76,0.0207482896974909
"V. vitis-idaea","bio3",77,0.0212398390392048
"V. vitis-idaea","bio3",78,0.0207009203324896
"V. vitis-idaea","bio3",79,0.0204992904734093
"V. vitis-idaea","bio3",80,0.0208774762889764
"V. vitis-idaea","bio3",81,0.020510021953378
"V. vitis-idaea","bio3",82,0.0206314972028151
"V. vitis-idaea","bio3",83,0.0209844893342567
"V. vitis-idaea","bio3",84,0.0203635521396169
"V. vitis-idaea","bio3",85,0.0206936078739247
"V. vitis-idaea","bio3",86,0.0207155807293644
"V. vitis-idaea","bio3",87,0.0210700329446217
"V. vitis-idaea","bio3",88,0.0208512389665467
"V. vitis-idaea","bio3",89,0.0204398725343918
"V. vitis-idaea","bio3",90,0.0208702110068959
"V. vitis-idaea","bio3",91,0.0210582300833405
"V. vitis-idaea","bio3",92,0.0212546553362816
"V. vitis-idaea","bio3",93,0.0206608924746874
"V. vitis-idaea","bio3",94,0.0201612455440751
"V. vitis-idaea","bio3",95,0.0207529455639689
"V. vitis-idaea","bio3",96,0.0204828834021886
"V. vitis-idaea","bio3",97,0.0208850423718117
"V. vitis-idaea","bio3",98,0.0209857984497491
"V. vitis-idaea","bio3",99,0.020806657534532
"V. vitis-idaea","bio3",100,0.0205215900766407
"V. vitis-idaea","bio4",1,0.386169386771507
"V. vitis-idaea","bio4",2,0.381209667698054
"V. vitis-idaea","bio4",3,0.387862827102682
"V. vitis-idaea","bio4",4,0.388398412298116
"V. vitis-idaea","bio4",5,0.384349691826686
"V. vitis-idaea","bio4",6,0.383332904230189
"V. vitis-idaea","bio4",7,0.39037433994349
"V. vitis-idaea","bio4",8,0.3874928452222
"V. vitis-idaea","bio4",9,0.388603867789289
"V. vitis-idaea","bio4",10,0.380000495086724
"V. vitis-idaea","bio4",11,0.380102464841527
"V. vitis-idaea","bio4",12,0.383080174566103
"V. vitis-idaea","bio4",13,0.391174326734143
"V. vitis-idaea","bio4",14,0.386225654230979
"V. vitis-idaea","bio4",15,0.384133651635055
"V. vitis-idaea","bio4",16,0.387705760789247
"V. vitis-idaea","bio4",17,0.391492891809188
"V. vitis-idaea","bio4",18,0.393365500072617
"V. vitis-idaea","bio4",19,0.387817465032041
"V. vitis-idaea","bio4",20,0.383827415880032
"V. vitis-idaea","bio4",21,0.386470610160744
"V. vitis-idaea","bio4",22,0.373530255700866
"V. vitis-idaea","bio4",23,0.38540790694775
"V. vitis-idaea","bio4",24,0.382537243458444
"V. vitis-idaea","bio4",25,0.387397602235077
"V. vitis-idaea","bio4",26,0.387501604070352
"V. vitis-idaea","bio4",27,0.375358441809736
"V. vitis-idaea","bio4",28,0.380580435606039
"V. vitis-idaea","bio4",29,0.374762335815338
"V. vitis-idaea","bio4",30,0.385432246815444
"V. vitis-idaea","bio4",31,0.385171377118839
"V. vitis-idaea","bio4",32,0.381461763009159
"V. vitis-idaea","bio4",33,0.397197532239612
"V. vitis-idaea","bio4",34,0.374151757965612
"V. vitis-idaea","bio4",35,0.390712664001649
"V. vitis-idaea","bio4",36,0.382572862396722
"V. vitis-idaea","bio4",37,0.387967688880286
"V. vitis-idaea","bio4",38,0.389539254352768
"V. vitis-idaea","bio4",39,0.37422961644941
"V. vitis-idaea","bio4",40,0.384922036101709
"V. vitis-idaea","bio4",41,0.379124783192718
"V. vitis-idaea","bio4",42,0.379714379569467
"V. vitis-idaea","bio4",43,0.38175795788875
"V. vitis-idaea","bio4",44,0.382498523882629
"V. vitis-idaea","bio4",45,0.383426496920158
"V. vitis-idaea","bio4",46,0.379851590050339
"V. vitis-idaea","bio4",47,0.386653334718569
"V. vitis-idaea","bio4",48,0.385918488398701
"V. vitis-idaea","bio4",49,0.386727461541392
"V. vitis-idaea","bio4",50,0.382412572766835
"V. vitis-idaea","bio4",51,0.389669684430513
"V. vitis-idaea","bio4",52,0.381683436289225
"V. vitis-idaea","bio4",53,0.382947745935231
"V. vitis-idaea","bio4",54,0.390319504193919
"V. vitis-idaea","bio4",55,0.388859412269999
"V. vitis-idaea","bio4",56,0.389098268433099
"V. vitis-idaea","bio4",57,0.385698335396535
"V. vitis-idaea","bio4",58,0.384097253630824
"V. vitis-idaea","bio4",59,0.393842095886956
"V. vitis-idaea","bio4",60,0.383178936896147
"V. vitis-idaea","bio4",61,0.376862092163527
"V. vitis-idaea","bio4",62,0.380593606050541
"V. vitis-idaea","bio4",63,0.38719342852297
"V. vitis-idaea","bio4",64,0.384030733952324
"V. vitis-idaea","bio4",65,0.378491418017972
"V. vitis-idaea","bio4",66,0.378984608642535
"V. vitis-idaea","bio4",67,0.384240385951369
"V. vitis-idaea","bio4",68,0.381102779600217
"V. vitis-idaea","bio4",69,0.387829031481697
"V. vitis-idaea","bio4",70,0.375887238255414
"V. vitis-idaea","bio4",71,0.378696074661308
"V. vitis-idaea","bio4",72,0.393483296280638
"V. vitis-idaea","bio4",73,0.379447778135749
"V. vitis-idaea","bio4",74,0.389254493507692
"V. vitis-idaea","bio4",75,0.387495651110663
"V. vitis-idaea","bio4",76,0.381139413400368
"V. vitis-idaea","bio4",77,0.391913872555525
"V. vitis-idaea","bio4",78,0.387452013706611
"V. vitis-idaea","bio4",79,0.385204319494184
"V. vitis-idaea","bio4",80,0.390274740790263
"V. vitis-idaea","bio4",81,0.385357081904214
"V. vitis-idaea","bio4",82,0.383557464459667
"V. vitis-idaea","bio4",83,0.39063412327003
"V. vitis-idaea","bio4",84,0.382090325371651
"V. vitis-idaea","bio4",85,0.387470708971416
"V. vitis-idaea","bio4",86,0.393192661411941
"V. vitis-idaea","bio4",87,0.377132154851349
"V. vitis-idaea","bio4",88,0.382130149987244
"V. vitis-idaea","bio4",89,0.392330281346062
"V. vitis-idaea","bio4",90,0.387562682359192
"V. vitis-idaea","bio4",91,0.383488850628079
"V. vitis-idaea","bio4",92,0.387526494402795
"V. vitis-idaea","bio4",93,0.386374934035337
"V. vitis-idaea","bio4",94,0.395681762124471
"V. vitis-idaea","bio4",95,0.383447105185191
"V. vitis-idaea","bio4",96,0.387472985858607
"V. vitis-idaea","bio4",97,0.387773285608289
"V. vitis-idaea","bio4",98,0.387403746736422
"V. vitis-idaea","bio4",99,0.380981652739034
"V. vitis-idaea","bio4",100,0.388767786959237
"V. vitis-idaea","bio9",1,1.10970090158264
"V. vitis-idaea","bio9",2,1.10786471883579
"V. vitis-idaea","bio9",3,1.09484701397107
"V. vitis-idaea","bio9",4,1.10269999248356
"V. vitis-idaea","bio9",5,1.10186176221809
"V. vitis-idaea","bio9",6,1.11064037897248
"V. vitis-idaea","bio9",7,1.11837093802238
"V. vitis-idaea","bio9",8,1.10236184224643
"V. vitis-idaea","bio9",9,1.11177596236872
"V. vitis-idaea","bio9",10,1.09660935979788
"V. vitis-idaea","bio9",11,1.10136034563871
"V. vitis-idaea","bio9",12,1.11276234192328
"V. vitis-idaea","bio9",13,1.12230305972727
"V. vitis-idaea","bio9",14,1.10744029790068
"V. vitis-idaea","bio9",15,1.10151775495275
"V. vitis-idaea","bio9",16,1.10422444896708
"V. vitis-idaea","bio9",17,1.11853477547244
"V. vitis-idaea","bio9",18,1.11194456190268
"V. vitis-idaea","bio9",19,1.10283144331773
"V. vitis-idaea","bio9",20,1.10400889429579
"V. vitis-idaea","bio9",21,1.11342875738959
"V. vitis-idaea","bio9",22,1.121313187036
"V. vitis-idaea","bio9",23,1.10575546939411
"V. vitis-idaea","bio9",24,1.09628148994402
"V. vitis-idaea","bio9",25,1.1040403347633
"V. vitis-idaea","bio9",26,1.09774307962473
"V. vitis-idaea","bio9",27,1.1073370071593
"V. vitis-idaea","bio9",28,1.09981738845697
"V. vitis-idaea","bio9",29,1.09727856879381
"V. vitis-idaea","bio9",30,1.09127462680268
"V. vitis-idaea","bio9",31,1.11731355191546
"V. vitis-idaea","bio9",32,1.09765550364305
"V. vitis-idaea","bio9",33,1.12262780087661
"V. vitis-idaea","bio9",34,1.11382183978463
"V. vitis-idaea","bio9",35,1.11009148611224
"V. vitis-idaea","bio9",36,1.09838290266992
"V. vitis-idaea","bio9",37,1.09974259319169
"V. vitis-idaea","bio9",38,1.09699564383564
"V. vitis-idaea","bio9",39,1.10363358270262
"V. vitis-idaea","bio9",40,1.09763597176787
"V. vitis-idaea","bio9",41,1.09372875584921
"V. vitis-idaea","bio9",42,1.10232725607237
"V. vitis-idaea","bio9",43,1.0956953810705
"V. vitis-idaea","bio9",44,1.10402796004323
"V. vitis-idaea","bio9",45,1.1089018915819
"V. vitis-idaea","bio9",46,1.10908039601398
"V. vitis-idaea","bio9",47,1.10857684939689
"V. vitis-idaea","bio9",48,1.09194750785084
"V. vitis-idaea","bio9",49,1.10957507843097
"V. vitis-idaea","bio9",50,1.11340835459376
"V. vitis-idaea","bio9",51,1.10543674900517
"V. vitis-idaea","bio9",52,1.12495938170063
"V. vitis-idaea","bio9",53,1.11649886629439
"V. vitis-idaea","bio9",54,1.11358508003922
"V. vitis-idaea","bio9",55,1.10958126856593
"V. vitis-idaea","bio9",56,1.09125856933907
"V. vitis-idaea","bio9",57,1.09688203723451
"V. vitis-idaea","bio9",58,1.10726099972291
"V. vitis-idaea","bio9",59,1.10400943607972
"V. vitis-idaea","bio9",60,1.08983496763846
"V. vitis-idaea","bio9",61,1.11154596304988
"V. vitis-idaea","bio9",62,1.10209177907018
"V. vitis-idaea","bio9",63,1.11444801138392
"V. vitis-idaea","bio9",64,1.10372605478794
"V. vitis-idaea","bio9",65,1.09882812115017
"V. vitis-idaea","bio9",66,1.10676635074194
"V. vitis-idaea","bio9",67,1.10627456885575
"V. vitis-idaea","bio9",68,1.10592075272668
"V. vitis-idaea","bio9",69,1.09797913007818
"V. vitis-idaea","bio9",70,1.1094980531972
"V. vitis-idaea","bio9",71,1.10931661877111
"V. vitis-idaea","bio9",72,1.11335152876615
"V. vitis-idaea","bio9",73,1.10649663916777
"V. vitis-idaea","bio9",74,1.09309721295227
"V. vitis-idaea","bio9",75,1.11842356860698
"V. vitis-idaea","bio9",76,1.10118147356938
"V. vitis-idaea","bio9",77,1.11398894118119
"V. vitis-idaea","bio9",78,1.10598197076503
"V. vitis-idaea","bio9",79,1.1025187578352
"V. vitis-idaea","bio9",80,1.12406754092177
"V. vitis-idaea","bio9",81,1.10087965895644
"V. vitis-idaea","bio9",82,1.08497401357662
"V. vitis-idaea","bio9",83,1.09977295027138
"V. vitis-idaea","bio9",84,1.11345594063687
"V. vitis-idaea","bio9",85,1.09010665733588
"V. vitis-idaea","bio9",86,1.11807453736946
"V. vitis-idaea","bio9",87,1.08738703436597
"V. vitis-idaea","bio9",88,1.10923687797466
"V. vitis-idaea","bio9",89,1.10041425802908
"V. vitis-idaea","bio9",90,1.10673791248714
"V. vitis-idaea","bio9",91,1.09271612503845
"V. vitis-idaea","bio9",92,1.09835771746384
"V. vitis-idaea","bio9",93,1.10952772211211
"V. vitis-idaea","bio9",94,1.11478978228413
"V. vitis-idaea","bio9",95,1.09681743325637
"V. vitis-idaea","bio9",96,1.1073346148495
"V. vitis-idaea","bio9",97,1.11459582169361
"V. vitis-idaea","bio9",98,1.10530903195703
"V. vitis-idaea","bio9",99,1.10811424565808
"V. vitis-idaea","bio9",100,1.10074278088307
"V. vitis-idaea","bio12",1,0.000477594941578396
"V. vitis-idaea","bio12",2,0.000475462198960774
"V. vitis-idaea","bio12",3,0.000479743062675397
"V. vitis-idaea","bio12",4,0.000486032528753455
"V. vitis-idaea","bio12",5,0.00048939448992924
"V. vitis-idaea","bio12",6,0.00047844635997063
"V. vitis-idaea","bio12",7,0.000481073146385014
"V. vitis-idaea","bio12",8,0.000486048290468721
"V. vitis-idaea","bio12",9,0.000470818798295136
"V. vitis-idaea","bio12",10,0.000479070232437318
"V. vitis-idaea","bio12",11,0.000479487131500367
"V. vitis-idaea","bio12",12,0.000475859230858355
"V. vitis-idaea","bio12",13,0.000490510388199139
"V. vitis-idaea","bio12",14,0.000487773881779896
"V. vitis-idaea","bio12",15,0.000482488682189586
"V. vitis-idaea","bio12",16,0.000491228958916512
"V. vitis-idaea","bio12",17,0.000479525210520415
"V. vitis-idaea","bio12",18,0.000473603278361323
"V. vitis-idaea","bio12",19,0.000477187295021553
"V. vitis-idaea","bio12",20,0.000478365599788533
"V. vitis-idaea","bio12",21,0.000472933503981143
"V. vitis-idaea","bio12",22,0.000487833340184651
"V. vitis-idaea","bio12",23,0.000478088221415485
"V. vitis-idaea","bio12",24,0.000474576243597591
"V. vitis-idaea","bio12",25,0.000476625212227244
"V. vitis-idaea","bio12",26,0.000475876311450851
"V. vitis-idaea","bio12",27,0.00047603508389582
"V. vitis-idaea","bio12",28,0.000484715850734729
"V. vitis-idaea","bio12",29,0.000487598239936826
"V. vitis-idaea","bio12",30,0.000489070240588418
"V. vitis-idaea","bio12",31,0.000481452748761324
"V. vitis-idaea","bio12",32,0.000474470336973898
"V. vitis-idaea","bio12",33,0.000473782816456048
"V. vitis-idaea","bio12",34,0.000477213127628939
"V. vitis-idaea","bio12",35,0.000472572315502351
"V. vitis-idaea","bio12",36,0.000483749537603995
"V. vitis-idaea","bio12",37,0.000475541162938575
"V. vitis-idaea","bio12",38,0.000467287273373196
"V. vitis-idaea","bio12",39,0.000488431844689163
"V. vitis-idaea","bio12",40,0.000474061646339341
"V. vitis-idaea","bio12",41,0.000484076139092293
"V. vitis-idaea","bio12",42,0.000487277280752152
"V. vitis-idaea","bio12",43,0.000479039683332516
"V. vitis-idaea","bio12",44,0.00048544802042727
"V. vitis-idaea","bio12",45,0.000469225915235461
"V. vitis-idaea","bio12",46,0.000479807714159453
"V. vitis-idaea","bio12",47,0.000481446460429247
"V. vitis-idaea","bio12",48,0.000489206756280613
"V. vitis-idaea","bio12",49,0.000485712410438599
"V. vitis-idaea","bio12",50,0.000480071870432641
"V. vitis-idaea","bio12",51,0.000489930861625409
"V. vitis-idaea","bio12",52,0.000477679289027755
"V. vitis-idaea","bio12",53,0.000479539852381361
"V. vitis-idaea","bio12",54,0.000489474844480364
"V. vitis-idaea","bio12",55,0.000470333989025962
"V. vitis-idaea","bio12",56,0.000479590264592211
"V. vitis-idaea","bio12",57,0.000476330296730665
"V. vitis-idaea","bio12",58,0.000485283805230163
"V. vitis-idaea","bio12",59,0.000474684380194934
"V. vitis-idaea","bio12",60,0.000478456148477857
"V. vitis-idaea","bio12",61,0.000470259597617262
"V. vitis-idaea","bio12",62,0.00047504354565775
"V. vitis-idaea","bio12",63,0.000480496024108157
"V. vitis-idaea","bio12",64,0.000487463692698253
"V. vitis-idaea","bio12",65,0.000489464421042363
"V. vitis-idaea","bio12",66,0.000471777933080064
"V. vitis-idaea","bio12",67,0.000481740622380378
"V. vitis-idaea","bio12",68,0.000491655425505666
"V. vitis-idaea","bio12",69,0.000483265612528538
"V. vitis-idaea","bio12",70,0.000482622499857865
"V. vitis-idaea","bio12",71,0.00047701500446018
"V. vitis-idaea","bio12",72,0.000482259225489501
"V. vitis-idaea","bio12",73,0.000486426644527138
"V. vitis-idaea","bio12",74,0.000487034069422965
"V. vitis-idaea","bio12",75,0.000483251833576004
"V. vitis-idaea","bio12",76,0.000475026491948971
"V. vitis-idaea","bio12",77,0.000466516736545741
"V. vitis-idaea","bio12",78,0.000475872664189581
"V. vitis-idaea","bio12",79,0.000475635360273508
"V. vitis-idaea","bio12",80,0.000487229577098125
"V. vitis-idaea","bio12",81,0.000479274361889881
"V. vitis-idaea","bio12",82,0.000486892313425469
"V. vitis-idaea","bio12",83,0.000474207082630906
"V. vitis-idaea","bio12",84,0.000477236062545128
"V. vitis-idaea","bio12",85,0.000487086477643728
"V. vitis-idaea","bio12",86,0.000486043413081227
"V. vitis-idaea","bio12",87,0.000484579675755326
"V. vitis-idaea","bio12",88,0.000490787663450898
"V. vitis-idaea","bio12",89,0.000479197115309749
"V. vitis-idaea","bio12",90,0.000477212536077576
"V. vitis-idaea","bio12",91,0.000491518275853364
"V. vitis-idaea","bio12",92,0.00048405579057953
"V. vitis-idaea","bio12",93,0.000474685394492691
"V. vitis-idaea","bio12",94,0.000469739679620385
"V. vitis-idaea","bio12",95,0.000494373081315169
"V. vitis-idaea","bio12",96,0.000494428242184708
"V. vitis-idaea","bio12",97,0.000474222625952092
"V. vitis-idaea","bio12",98,0.000483924380053402
"V. vitis-idaea","bio12",99,0.000482796644495243
"V. vitis-idaea","bio12",100,0.000474510849658993
"V. vitis-idaea","bio14",1,0.0113164870069641
"V. vitis-idaea","bio14",2,0.0116721449016827
"V. vitis-idaea","bio14",3,0.0113848613718792
"V. vitis-idaea","bio14",4,0.0117603168780674
"V. vitis-idaea","bio14",5,0.0114949501976369
"V. vitis-idaea","bio14",6,0.0116485737081656
"V. vitis-idaea","bio14",7,0.011781668252337
"V. vitis-idaea","bio14",8,0.011565741331831
"V. vitis-idaea","bio14",9,0.0116589619717421
"V. vitis-idaea","bio14",10,0.0115065901106872
"V. vitis-idaea","bio14",11,0.0114093781996703
"V. vitis-idaea","bio14",12,0.0116024988645484
"V. vitis-idaea","bio14",13,0.0119458775997778
"V. vitis-idaea","bio14",14,0.0117288074368885
"V. vitis-idaea","bio14",15,0.0118021029723374
"V. vitis-idaea","bio14",16,0.011527972382203
"V. vitis-idaea","bio14",17,0.0118460058866429
"V. vitis-idaea","bio14",18,0.0115379934834396
"V. vitis-idaea","bio14",19,0.0115067767498175
"V. vitis-idaea","bio14",20,0.0116527741028564
"V. vitis-idaea","bio14",21,0.0115133343097065
"V. vitis-idaea","bio14",22,0.0115057182396117
"V. vitis-idaea","bio14",23,0.0113445612551032
"V. vitis-idaea","bio14",24,0.0113068485149637
"V. vitis-idaea","bio14",25,0.0114033415501245
"V. vitis-idaea","bio14",26,0.0115649215123507
"V. vitis-idaea","bio14",27,0.0114335881792564
"V. vitis-idaea","bio14",28,0.011523069571757
"V. vitis-idaea","bio14",29,0.0118266469146014
"V. vitis-idaea","bio14",30,0.011531752455246
"V. vitis-idaea","bio14",31,0.01159915214329
"V. vitis-idaea","bio14",32,0.0114199062950735
"V. vitis-idaea","bio14",33,0.0118048278802347
"V. vitis-idaea","bio14",34,0.0117914710962428
"V. vitis-idaea","bio14",35,0.011606416254845
"V. vitis-idaea","bio14",36,0.0116082544953373
"V. vitis-idaea","bio14",37,0.0118047019811923
"V. vitis-idaea","bio14",38,0.0116445321003789
"V. vitis-idaea","bio14",39,0.0116543232006703
"V. vitis-idaea","bio14",40,0.0115681093345791
"V. vitis-idaea","bio14",41,0.0113407710246286
"V. vitis-idaea","bio14",42,0.011507990303896
"V. vitis-idaea","bio14",43,0.0116750475564205
"V. vitis-idaea","bio14",44,0.0117037116669606
"V. vitis-idaea","bio14",45,0.0115833689453737
"V. vitis-idaea","bio14",46,0.0117342048412289
"V. vitis-idaea","bio14",47,0.011705691548576
"V. vitis-idaea","bio14",48,0.0116204614520631
"V. vitis-idaea","bio14",49,0.0115563283788976
"V. vitis-idaea","bio14",50,0.0113034180276425
"V. vitis-idaea","bio14",51,0.0114470758885271
"V. vitis-idaea","bio14",52,0.0116865213705911
"V. vitis-idaea","bio14",53,0.0115760079148109
"V. vitis-idaea","bio14",54,0.01161040015507
"V. vitis-idaea","bio14",55,0.0114002637344811
"V. vitis-idaea","bio14",56,0.0116629056637158
"V. vitis-idaea","bio14",57,0.011610886364221
"V. vitis-idaea","bio14",58,0.0114054915028626
"V. vitis-idaea","bio14",59,0.0115337909709565
"V. vitis-idaea","bio14",60,0.0118556767198974
"V. vitis-idaea","bio14",61,0.0116123882835539
"V. vitis-idaea","bio14",62,0.0110989555042126
"V. vitis-idaea","bio14",63,0.0115944141532677
"V. vitis-idaea","bio14",64,0.0115564234944479
"V. vitis-idaea","bio14",65,0.0113751464530045
"V. vitis-idaea","bio14",66,0.0116734016390388
"V. vitis-idaea","bio14",67,0.0115709528048186
"V. vitis-idaea","bio14",68,0.0115368176961411
"V. vitis-idaea","bio14",69,0.01156701649207
"V. vitis-idaea","bio14",70,0.011748798780105
"V. vitis-idaea","bio14",71,0.011531195584907
"V. vitis-idaea","bio14",72,0.011549252044903
"V. vitis-idaea","bio14",73,0.0117926892763577
"V. vitis-idaea","bio14",74,0.0111462830039929
"V. vitis-idaea","bio14",75,0.0112773216787688
"V. vitis-idaea","bio14",76,0.0116199397721934
"V. vitis-idaea","bio14",77,0.0114663993859534
"V. vitis-idaea","bio14",78,0.0117281035942974
"V. vitis-idaea","bio14",79,0.0115916001430014
"V. vitis-idaea","bio14",80,0.0113915592195059
"V. vitis-idaea","bio14",81,0.0118070788498759
"V. vitis-idaea","bio14",82,0.0115705268617753
"V. vitis-idaea","bio14",83,0.0113433730050209
"V. vitis-idaea","bio14",84,0.0116200379653868
"V. vitis-idaea","bio14",85,0.0116024200288607
"V. vitis-idaea","bio14",86,0.01147732044623
"V. vitis-idaea","bio14",87,0.0116286885141282
"V. vitis-idaea","bio14",88,0.0115700737761474
"V. vitis-idaea","bio14",89,0.0115114938260051
"V. vitis-idaea","bio14",90,0.0119799933169809
"V. vitis-idaea","bio14",91,0.0117644787883368
"V. vitis-idaea","bio14",92,0.0116231009980148
"V. vitis-idaea","bio14",93,0.0116613047448721
"V. vitis-idaea","bio14",94,0.0119367056159271
"V. vitis-idaea","bio14",95,0.0119014924979366
"V. vitis-idaea","bio14",96,0.0114594060676965
"V. vitis-idaea","bio14",97,0.0117160146086002
"V. vitis-idaea","bio14",98,0.0114549716567262
"V. vitis-idaea","bio14",99,0.0115885034244694
"V. vitis-idaea","bio14",100,0.0118419982927832
"V. vitis-idaea","bio15",1,0.556164701864304
"V. vitis-idaea","bio15",2,0.545394226373016
"V. vitis-idaea","bio15",3,0.543591745373448
"V. vitis-idaea","bio15",4,0.554578316756065
"V. vitis-idaea","bio15",5,0.561342628157027
"V. vitis-idaea","bio15",6,0.560606103348852
"V. vitis-idaea","bio15",7,0.55245523829023
"V. vitis-idaea","bio15",8,0.56080189640711
"V. vitis-idaea","bio15",9,0.538220787110544
"V. vitis-idaea","bio15",10,0.56193368945815
"V. vitis-idaea","bio15",11,0.550430949187833
"V. vitis-idaea","bio15",12,0.556889502171728
"V. vitis-idaea","bio15",13,0.545411515110493
"V. vitis-idaea","bio15",14,0.554825924694334
"V. vitis-idaea","bio15",15,0.548849529606268
"V. vitis-idaea","bio15",16,0.549460901660043
"V. vitis-idaea","bio15",17,0.557950423801158
"V. vitis-idaea","bio15",18,0.539924274431067
"V. vitis-idaea","bio15",19,0.554923844958407
"V. vitis-idaea","bio15",20,0.545225024826929
"V. vitis-idaea","bio15",21,0.565492746241176
"V. vitis-idaea","bio15",22,0.551677879441024
"V. vitis-idaea","bio15",23,0.547138862240618
"V. vitis-idaea","bio15",24,0.555301366182132
"V. vitis-idaea","bio15",25,0.558043645354729
"V. vitis-idaea","bio15",26,0.549940309657692
"V. vitis-idaea","bio15",27,0.54825500302882
"V. vitis-idaea","bio15",28,0.544758244822528
"V. vitis-idaea","bio15",29,0.558374933376625
"V. vitis-idaea","bio15",30,0.54687013916709
"V. vitis-idaea","bio15",31,0.541703364141438
"V. vitis-idaea","bio15",32,0.549906930806337
"V. vitis-idaea","bio15",33,0.561842177845356
"V. vitis-idaea","bio15",34,0.560152685054613
"V. vitis-idaea","bio15",35,0.543714290811825
"V. vitis-idaea","bio15",36,0.555386184118627
"V. vitis-idaea","bio15",37,0.550327908258143
"V. vitis-idaea","bio15",38,0.556073149472004
"V. vitis-idaea","bio15",39,0.555476346445228
"V. vitis-idaea","bio15",40,0.548884398083948
"V. vitis-idaea","bio15",41,0.553038475894389
"V. vitis-idaea","bio15",42,0.55319011104204
"V. vitis-idaea","bio15",43,0.55192311666076
"V. vitis-idaea","bio15",44,0.558702960767627
"V. vitis-idaea","bio15",45,0.554602950466635
"V. vitis-idaea","bio15",46,0.552551128530647
"V. vitis-idaea","bio15",47,0.55647334259003
"V. vitis-idaea","bio15",48,0.557255747579258
"V. vitis-idaea","bio15",49,0.54701589506904
"V. vitis-idaea","bio15",50,0.544322310824387
"V. vitis-idaea","bio15",51,0.546573478037194
"V. vitis-idaea","bio15",52,0.555211031433306
"V. vitis-idaea","bio15",53,0.544423523276171
"V. vitis-idaea","bio15",54,0.555208712722553
"V. vitis-idaea","bio15",55,0.54360229537554
"V. vitis-idaea","bio15",56,0.558399533844923
"V. vitis-idaea","bio15",57,0.540734048426737
"V. vitis-idaea","bio15",58,0.554733080259147
"V. vitis-idaea","bio15",59,0.544486085601482
"V. vitis-idaea","bio15",60,0.556214423174711
"V. vitis-idaea","bio15",61,0.551128986528428
"V. vitis-idaea","bio15",62,0.546744849129177
"V. vitis-idaea","bio15",63,0.545704754537709
"V. vitis-idaea","bio15",64,0.557290975490566
"V. vitis-idaea","bio15",65,0.560159797597399
"V. vitis-idaea","bio15",66,0.552603350958572
"V. vitis-idaea","bio15",67,0.54223787752987
"V. vitis-idaea","bio15",68,0.554621417902027
"V. vitis-idaea","bio15",69,0.557213465558936
"V. vitis-idaea","bio15",70,0.55188154918482
"V. vitis-idaea","bio15",71,0.556362929342189
"V. vitis-idaea","bio15",72,0.556086649181968
"V. vitis-idaea","bio15",73,0.550030503428983
"V. vitis-idaea","bio15",74,0.548451810884047
"V. vitis-idaea","bio15",75,0.564739785210174
"V. vitis-idaea","bio15",76,0.55433208013789
"V. vitis-idaea","bio15",77,0.549785668798645
"V. vitis-idaea","bio15",78,0.550532611302661
"V. vitis-idaea","bio15",79,0.540517757001946
"V. vitis-idaea","bio15",80,0.550779239960513
"V. vitis-idaea","bio15",81,0.554964494607804
"V. vitis-idaea","bio15",82,0.55611750587909
"V. vitis-idaea","bio15",83,0.557384356574268
"V. vitis-idaea","bio15",84,0.553652393250105
"V. vitis-idaea","bio15",85,0.556798840285067
"V. vitis-idaea","bio15",86,0.551392964378011
"V. vitis-idaea","bio15",87,0.551298595628442
"V. vitis-idaea","bio15",88,0.547061923439137
"V. vitis-idaea","bio15",89,0.54662373444111
"V. vitis-idaea","bio15",90,0.559580722126008
"V. vitis-idaea","bio15",91,0.562222134020671
"V. vitis-idaea","bio15",92,0.539193004151438
"V. vitis-idaea","bio15",93,0.558184388524434
"V. vitis-idaea","bio15",94,0.548778275703712
"V. vitis-idaea","bio15",95,0.551072391676071
"V. vitis-idaea","bio15",96,0.559979395034049
"V. vitis-idaea","bio15",97,0.542959995818294
"V. vitis-idaea","bio15",98,0.55203215960009
"V. vitis-idaea","bio15",99,0.540089585035936
"V. vitis-idaea","bio15",100,0.551927271220616
"V. vitis-idaea","elevation",1,0.458155975383095
"V. vitis-idaea","elevation",2,0.453467503400208
"V. vitis-idaea","elevation",3,0.450024844586547
"V. vitis-idaea","elevation",4,0.458736269893142
"V. vitis-idaea","elevation",5,0.460278385999081
"V. vitis-idaea","elevation",6,0.453759723019723
"V. vitis-idaea","elevation",7,0.44884337285601
"V. vitis-idaea","elevation",8,0.448639970508503
"V. vitis-idaea","elevation",9,0.460392003067989
"V. vitis-idaea","elevation",10,0.460526741558381
"V. vitis-idaea","elevation",11,0.46684692374043
"V. vitis-idaea","elevation",12,0.461816083486898
"V. vitis-idaea","elevation",13,0.462241037425944
"V. vitis-idaea","elevation",14,0.454422802036727
"V. vitis-idaea","elevation",15,0.45669439650942
"V. vitis-idaea","elevation",16,0.458923523320056
"V. vitis-idaea","elevation",17,0.46285026946638
"V. vitis-idaea","elevation",18,0.468425388820154
"V. vitis-idaea","elevation",19,0.462663225001982
"V. vitis-idaea","elevation",20,0.467409256143475
"V. vitis-idaea","elevation",21,0.458309614725168
"V. vitis-idaea","elevation",22,0.459578960480653
"V. vitis-idaea","elevation",23,0.459287851730866
"V. vitis-idaea","elevation",24,0.460960705950108
"V. vitis-idaea","elevation",25,0.46075273568947
"V. vitis-idaea","elevation",26,0.461586300710454
"V. vitis-idaea","elevation",27,0.457819326387663
"V. vitis-idaea","elevation",28,0.458880229350149
"V. vitis-idaea","elevation",29,0.462335830601637
"V. vitis-idaea","elevation",30,0.46365886156011
"V. vitis-idaea","elevation",31,0.453789144581728
"V. vitis-idaea","elevation",32,0.465871970444293
"V. vitis-idaea","elevation",33,0.45741935619047
"V. vitis-idaea","elevation",34,0.466892877073483
"V. vitis-idaea","elevation",35,0.463031603078374
"V. vitis-idaea","elevation",36,0.459718948346806
"V. vitis-idaea","elevation",37,0.461603972617578
"V. vitis-idaea","elevation",38,0.454855689751792
"V. vitis-idaea","elevation",39,0.462319842618185
"V. vitis-idaea","elevation",40,0.453726305306102
"V. vitis-idaea","elevation",41,0.456482710095501
"V. vitis-idaea","elevation",42,0.455140936396775
"V. vitis-idaea","elevation",43,0.455434295489167
"V. vitis-idaea","elevation",44,0.454673261347047
"V. vitis-idaea","elevation",45,0.469747836477075
"V. vitis-idaea","elevation",46,0.459863675517547
"V. vitis-idaea","elevation",47,0.454787004152702
"V. vitis-idaea","elevation",48,0.452687182698223
"V. vitis-idaea","elevation",49,0.454743391887209
"V. vitis-idaea","elevation",50,0.45437738123372
"V. vitis-idaea","elevation",51,0.455984847488254
"V. vitis-idaea","elevation",52,0.460753207793969
"V. vitis-idaea","elevation",53,0.466674541545866
"V. vitis-idaea","elevation",54,0.469989423580385
"V. vitis-idaea","elevation",55,0.45065379179769
"V. vitis-idaea","elevation",56,0.458427794527644
"V. vitis-idaea","elevation",57,0.457245736740811
"V. vitis-idaea","elevation",58,0.457963528556375
"V. vitis-idaea","elevation",59,0.456350689211177
"V. vitis-idaea","elevation",60,0.469213413741009
"V. vitis-idaea","elevation",61,0.459543623864804
"V. vitis-idaea","elevation",62,0.461461716069133
"V. vitis-idaea","elevation",63,0.457129962901712
"V. vitis-idaea","elevation",64,0.445685855470106
"V. vitis-idaea","elevation",65,0.468701548123987
"V. vitis-idaea","elevation",66,0.459890566266584
"V. vitis-idaea","elevation",67,0.45762992201453
"V. vitis-idaea","elevation",68,0.453520860169319
"V. vitis-idaea","elevation",69,0.467648501792269
"V. vitis-idaea","elevation",70,0.461221323260364
"V. vitis-idaea","elevation",71,0.459729778210276
"V. vitis-idaea","elevation",72,0.453982570130968
"V. vitis-idaea","elevation",73,0.469256619397925
"V. vitis-idaea","elevation",74,0.460493651787618
"V. vitis-idaea","elevation",75,0.457679409741602
"V. vitis-idaea","elevation",76,0.467522590547252
"V. vitis-idaea","elevation",77,0.464094819214571
"V. vitis-idaea","elevation",78,0.461504909128516
"V. vitis-idaea","elevation",79,0.458010426629879
"V. vitis-idaea","elevation",80,0.465034288068644
"V. vitis-idaea","elevation",81,0.472867382938797
"V. vitis-idaea","elevation",82,0.462812487681984
"V. vitis-idaea","elevation",83,0.462270608501808
"V. vitis-idaea","elevation",84,0.464240251522066
"V. vitis-idaea","elevation",85,0.460258848264872
"V. vitis-idaea","elevation",86,0.459619551791006
"V. vitis-idaea","elevation",87,0.464077084651399
"V. vitis-idaea","elevation",88,0.458617085730314
"V. vitis-idaea","elevation",89,0.461788930926954
"V. vitis-idaea","elevation",90,0.452514863968862
"V. vitis-idaea","elevation",91,0.457342203947695
"V. vitis-idaea","elevation",92,0.460007861664164
"V. vitis-idaea","elevation",93,0.463536186131465
"V. vitis-idaea","elevation",94,0.456691083992714
"V. vitis-idaea","elevation",95,0.464932220262539
"V. vitis-idaea","elevation",96,0.45901189592167
"V. vitis-idaea","elevation",97,0.457482550130239
"V. vitis-idaea","elevation",98,0.464272050096525
"V. vitis-idaea","elevation",99,0.45576821371511
"V. vitis-idaea","elevation",100,0.464545874491449
"V. vitis-idaea","pop_density",1,0.106513083185388
"V. vitis-idaea","pop_density",2,0.106682736581274
"V. vitis-idaea","pop_density",3,0.106667846194315
"V. vitis-idaea","pop_density",4,0.107129822416708
"V. vitis-idaea","pop_density",5,0.106392959617938
"V. vitis-idaea","pop_density",6,0.107578111520774
"V. vitis-idaea","pop_density",7,0.107269483129386
"V. vitis-idaea","pop_density",8,0.108455182350135
"V. vitis-idaea","pop_density",9,0.111102138629329
"V. vitis-idaea","pop_density",10,0.107869700914559
"V. vitis-idaea","pop_density",11,0.109603598767587
"V. vitis-idaea","pop_density",12,0.110798409753964
"V. vitis-idaea","pop_density",13,0.108642492812771
"V. vitis-idaea","pop_density",14,0.112594224466968
"V. vitis-idaea","pop_density",15,0.110205564558084
"V. vitis-idaea","pop_density",16,0.108352384071164
"V. vitis-idaea","pop_density",17,0.109731369606226
"V. vitis-idaea","pop_density",18,0.108514192048429
"V. vitis-idaea","pop_density",19,0.109048869661805
"V. vitis-idaea","pop_density",20,0.110156705021553
"V. vitis-idaea","pop_density",21,0.109642770546855
"V. vitis-idaea","pop_density",22,0.108819822728612
"V. vitis-idaea","pop_density",23,0.11094456292883
"V. vitis-idaea","pop_density",24,0.111530097646794
"V. vitis-idaea","pop_density",25,0.10865602305603
"V. vitis-idaea","pop_density",26,0.110419305676926
"V. vitis-idaea","pop_density",27,0.109966217979791
"V. vitis-idaea","pop_density",28,0.109701416911569
"V. vitis-idaea","pop_density",29,0.105810914280598
"V. vitis-idaea","pop_density",30,0.108182583690746
"V. vitis-idaea","pop_density",31,0.109294436343998
"V. vitis-idaea","pop_density",32,0.107795452061932
"V. vitis-idaea","pop_density",33,0.10903246624463
"V. vitis-idaea","pop_density",34,0.10908976448332
"V. vitis-idaea","pop_density",35,0.108557126101073
"V. vitis-idaea","pop_density",36,0.107379607700665
"V. vitis-idaea","pop_density",37,0.111173949887226
"V. vitis-idaea","pop_density",38,0.10712318806379
"V. vitis-idaea","pop_density",39,0.10807460059949
"V. vitis-idaea","pop_density",40,0.109080278850833
"V. vitis-idaea","pop_density",41,0.110068544259133
"V. vitis-idaea","pop_density",42,0.1099170174878
"V. vitis-idaea","pop_density",43,0.108010887529101
"V. vitis-idaea","pop_density",44,0.108982072296377
"V. vitis-idaea","pop_density",45,0.109824699580075
"V. vitis-idaea","pop_density",46,0.110506088846376
"V. vitis-idaea","pop_density",47,0.109018250349792
"V. vitis-idaea","pop_density",48,0.111525719583381
"V. vitis-idaea","pop_density",49,0.109845952456112
"V. vitis-idaea","pop_density",50,0.107630521961672
"V. vitis-idaea","pop_density",51,0.111554803873967
"V. vitis-idaea","pop_density",52,0.110568804225418
"V. vitis-idaea","pop_density",53,0.110522240247548
"V. vitis-idaea","pop_density",54,0.107825592135568
"V. vitis-idaea","pop_density",55,0.108263607537805
"V. vitis-idaea","pop_density",56,0.111548359880079
"V. vitis-idaea","pop_density",57,0.107228954583367
"V. vitis-idaea","pop_density",58,0.10875228921849
"V. vitis-idaea","pop_density",59,0.109159242554921
"V. vitis-idaea","pop_density",60,0.109478945366435
"V. vitis-idaea","pop_density",61,0.10797171708467
"V. vitis-idaea","pop_density",62,0.108842570165163
"V. vitis-idaea","pop_density",63,0.110958397022281
"V. vitis-idaea","pop_density",64,0.11016474302779
"V. vitis-idaea","pop_density",65,0.109576325432616
"V. vitis-idaea","pop_density",66,0.109020520709447
"V. vitis-idaea","pop_density",67,0.110278084632322
"V. vitis-idaea","pop_density",68,0.109019722383964
"V. vitis-idaea","pop_density",69,0.109267448576565
"V. vitis-idaea","pop_density",70,0.107305780411608
"V. vitis-idaea","pop_density",71,0.105999823466274
"V. vitis-idaea","pop_density",72,0.110024497325837
"V. vitis-idaea","pop_density",73,0.109676346072941
"V. vitis-idaea","pop_density",74,0.108538737512658
"V. vitis-idaea","pop_density",75,0.105966684331576
"V. vitis-idaea","pop_density",76,0.110496722572648
"V. vitis-idaea","pop_density",77,0.111563927677329
"V. vitis-idaea","pop_density",78,0.111037880106136
"V. vitis-idaea","pop_density",79,0.110825198138577
"V. vitis-idaea","pop_density",80,0.10953977836408
"V. vitis-idaea","pop_density",81,0.106630573013427
"V. vitis-idaea","pop_density",82,0.109669682341592
"V. vitis-idaea","pop_density",83,0.108301838864287
"V. vitis-idaea","pop_density",84,0.110031895311506
"V. vitis-idaea","pop_density",85,0.106417914672599
"V. vitis-idaea","pop_density",86,0.111701552227989
"V. vitis-idaea","pop_density",87,0.110306400674134
"V. vitis-idaea","pop_density",88,0.108697757914824
"V. vitis-idaea","pop_density",89,0.110588831517021
"V. vitis-idaea","pop_density",90,0.110929216884724
"V. vitis-idaea","pop_density",91,0.10983874142758
"V. vitis-idaea","pop_density",92,0.109746254615065
"V. vitis-idaea","pop_density",93,0.108438879671975
"V. vitis-idaea","pop_density",94,0.108594757228189
"V. vitis-idaea","pop_density",95,0.108104840930122
"V. vitis-idaea","pop_density",96,0.10881137990265
"V. vitis-idaea","pop_density",97,0.108046312367618
"V. vitis-idaea","pop_density",98,0.10756004202031
"V. vitis-idaea","pop_density",99,0.109248477252541
"V. vitis-idaea","pop_density",100,0.109925984860262
"V. vitis-idaea","slope",1,0.0242853326382495
"V. vitis-idaea","slope",2,0.0257324767437856
"V. vitis-idaea","slope",3,0.0252799525469775
"V. vitis-idaea","slope",4,0.0256398518994146
"V. vitis-idaea","slope",5,0.0255197251983733
"V. vitis-idaea","slope",6,0.0256512664149748
"V. vitis-idaea","slope",7,0.0251564416408817
"V. vitis-idaea","slope",8,0.0256978675279862
"V. vitis-idaea","slope",9,0.0247041486357491
"V. vitis-idaea","slope",10,0.024811166383009
"V. vitis-idaea","slope",11,0.0256888183364684
"V. vitis-idaea","slope",12,0.0246140906599153
"V. vitis-idaea","slope",13,0.0255633473795008
"V. vitis-idaea","slope",14,0.0251337390804447
"V. vitis-idaea","slope",15,0.0254399458576193
"V. vitis-idaea","slope",16,0.0247439440080477
"V. vitis-idaea","slope",17,0.0254678588082806
"V. vitis-idaea","slope",18,0.025343851321305
"V. vitis-idaea","slope",19,0.0256793263653178
"V. vitis-idaea","slope",20,0.0251178418422294
"V. vitis-idaea","slope",21,0.0255738200673667
"V. vitis-idaea","slope",22,0.0252775200775507
"V. vitis-idaea","slope",23,0.0254600585436692
"V. vitis-idaea","slope",24,0.0254178960985689
"V. vitis-idaea","slope",25,0.0251146523661246
"V. vitis-idaea","slope",26,0.0246259279744954
"V. vitis-idaea","slope",27,0.0251353822356822
"V. vitis-idaea","slope",28,0.0254915916729774
"V. vitis-idaea","slope",29,0.0254295333473865
"V. vitis-idaea","slope",30,0.0252093269410281
"V. vitis-idaea","slope",31,0.025438094759558
"V. vitis-idaea","slope",32,0.0255338564628884
"V. vitis-idaea","slope",33,0.0252694836809065
"V. vitis-idaea","slope",34,0.0251343469499806
"V. vitis-idaea","slope",35,0.0249797891097031
"V. vitis-idaea","slope",36,0.0256019162189343
"V. vitis-idaea","slope",37,0.0255449105516572
"V. vitis-idaea","slope",38,0.0254203484634815
"V. vitis-idaea","slope",39,0.0255142119842344
"V. vitis-idaea","slope",40,0.0249193532770038
"V. vitis-idaea","slope",41,0.0249969431705498
"V. vitis-idaea","slope",42,0.0257084058620973
"V. vitis-idaea","slope",43,0.0250735233171403
"V. vitis-idaea","slope",44,0.0257082075640478
"V. vitis-idaea","slope",45,0.0254709766879371
"V. vitis-idaea","slope",46,0.0247291466729905
"V. vitis-idaea","slope",47,0.0257468141009661
"V. vitis-idaea","slope",48,0.0253521368511044
"V. vitis-idaea","slope",49,0.0257442152064807
"V. vitis-idaea","slope",50,0.0249623355905285
"V. vitis-idaea","slope",51,0.0250305645303354
"V. vitis-idaea","slope",52,0.0256295913829707
"V. vitis-idaea","slope",53,0.0252308216637231
"V. vitis-idaea","slope",54,0.025347682609659
"V. vitis-idaea","slope",55,0.0255522382684815
"V. vitis-idaea","slope",56,0.0256904537788759
"V. vitis-idaea","slope",57,0.0251811117958656
"V. vitis-idaea","slope",58,0.024699985328833
"V. vitis-idaea","slope",59,0.025599042990617
"V. vitis-idaea","slope",60,0.0254237991430158
"V. vitis-idaea","slope",61,0.0248338206686893
"V. vitis-idaea","slope",62,0.0258846541649361
"V. vitis-idaea","slope",63,0.0252402428606837
"V. vitis-idaea","slope",64,0.0253154223509158
"V. vitis-idaea","slope",65,0.0251907812366416
"V. vitis-idaea","slope",66,0.0254040629061458
"V. vitis-idaea","slope",67,0.0255705828806244
"V. vitis-idaea","slope",68,0.0252733964675235
"V. vitis-idaea","slope",69,0.0251240473861833
"V. vitis-idaea","slope",70,0.0258757370819604
"V. vitis-idaea","slope",71,0.0257862079503429
"V. vitis-idaea","slope",72,0.0251909149015224
"V. vitis-idaea","slope",73,0.0253994124980091
"V. vitis-idaea","slope",74,0.0253197865706816
"V. vitis-idaea","slope",75,0.0254310161302096
"V. vitis-idaea","slope",76,0.0254029402768509
"V. vitis-idaea","slope",77,0.0250395838770225
"V. vitis-idaea","slope",78,0.025336062645867
"V. vitis-idaea","slope",79,0.025141008804914
"V. vitis-idaea","slope",80,0.0255856606016766
"V. vitis-idaea","slope",81,0.025649942519979
"V. vitis-idaea","slope",82,0.025124616639964
"V. vitis-idaea","slope",83,0.0254406953993033
"V. vitis-idaea","slope",84,0.0247033048520877
"V. vitis-idaea","slope",85,0.0244529522105753
"V. vitis-idaea","slope",86,0.02470128722225
"V. vitis-idaea","slope",87,0.0255291682173591
"V. vitis-idaea","slope",88,0.0253412424098768
"V. vitis-idaea","slope",89,0.0256764566233777
"V. vitis-idaea","slope",90,0.0250780773731792
"V. vitis-idaea","slope",91,0.0253590928727745
"V. vitis-idaea","slope",92,0.0247734542658363
"V. vitis-idaea","slope",93,0.0251264465376613
"V. vitis-idaea","slope",94,0.0245415494772681
"V. vitis-idaea","slope",95,0.0251466746551333
"V. vitis-idaea","slope",96,0.0260834886896537
"V. vitis-idaea","slope",97,0.0254835174559884
"V. vitis-idaea","slope",98,0.0249229871468851
"V. vitis-idaea","slope",99,0.0248619750512433
"V. vitis-idaea","slope",100,0.0248702677024969
"V. vitis-idaea","aspect",1,0.016546868997998
"V. vitis-idaea","aspect",2,0.0159200657205888
"V. vitis-idaea","aspect",3,0.0161514414166698
"V. vitis-idaea","aspect",4,0.0161270363590408
"V. vitis-idaea","aspect",5,0.0158700335073541
"V. vitis-idaea","aspect",6,0.0161838780765622
"V. vitis-idaea","aspect",7,0.0160886699854734
"V. vitis-idaea","aspect",8,0.0164310087500411
"V. vitis-idaea","aspect",9,0.0158708063818834
"V. vitis-idaea","aspect",10,0.016612276004812
"V. vitis-idaea","aspect",11,0.0161537457715781
"V. vitis-idaea","aspect",12,0.0160484868234571
"V. vitis-idaea","aspect",13,0.0159144694632056
"V. vitis-idaea","aspect",14,0.0159418593297828
"V. vitis-idaea","aspect",15,0.0161298392902
"V. vitis-idaea","aspect",16,0.0161273875119039
"V. vitis-idaea","aspect",17,0.0159368409919766
"V. vitis-idaea","aspect",18,0.0162266948192443
"V. vitis-idaea","aspect",19,0.015887730490569
"V. vitis-idaea","aspect",20,0.015979496819879
"V. vitis-idaea","aspect",21,0.0158662113160539
"V. vitis-idaea","aspect",22,0.0159036683631212
"V. vitis-idaea","aspect",23,0.0161829618588155
"V. vitis-idaea","aspect",24,0.0164194813530116
"V. vitis-idaea","aspect",25,0.0160980542777013
"V. vitis-idaea","aspect",26,0.0158536386523882
"V. vitis-idaea","aspect",27,0.0162572496117586
"V. vitis-idaea","aspect",28,0.0161174915648828
"V. vitis-idaea","aspect",29,0.0163124891452644
"V. vitis-idaea","aspect",30,0.0158973642828767
"V. vitis-idaea","aspect",31,0.0161637288872826
"V. vitis-idaea","aspect",32,0.0160476035664712
"V. vitis-idaea","aspect",33,0.0160635656177972
"V. vitis-idaea","aspect",34,0.0163558892159587
"V. vitis-idaea","aspect",35,0.0159648110706986
"V. vitis-idaea","aspect",36,0.0163117154434029
"V. vitis-idaea","aspect",37,0.0160571212826583
"V. vitis-idaea","aspect",38,0.0160690849598899
"V. vitis-idaea","aspect",39,0.016057449536261
"V. vitis-idaea","aspect",40,0.0161837756890401
"V. vitis-idaea","aspect",41,0.016208937949941
"V. vitis-idaea","aspect",42,0.0160678166236854
"V. vitis-idaea","aspect",43,0.0161315077255818
"V. vitis-idaea","aspect",44,0.0164934391318506
"V. vitis-idaea","aspect",45,0.0158726529990892
"V. vitis-idaea","aspect",46,0.0163510092600683
"V. vitis-idaea","aspect",47,0.0162690386966402
"V. vitis-idaea","aspect",48,0.0158228322498335
"V. vitis-idaea","aspect",49,0.0159044354466678
"V. vitis-idaea","aspect",50,0.0162174853012306
"V. vitis-idaea","aspect",51,0.0161631854365438
"V. vitis-idaea","aspect",52,0.0161879981026729
"V. vitis-idaea","aspect",53,0.0164844435011767
"V. vitis-idaea","aspect",54,0.0162887561291972
"V. vitis-idaea","aspect",55,0.0160017918386476
"V. vitis-idaea","aspect",56,0.0160554135307985
"V. vitis-idaea","aspect",57,0.0161048126110739
"V. vitis-idaea","aspect",58,0.0161115782270698
"V. vitis-idaea","aspect",59,0.0162629584504589
"V. vitis-idaea","aspect",60,0.0159966408045306
"V. vitis-idaea","aspect",61,0.0158929146624205
"V. vitis-idaea","aspect",62,0.0159107597494469
"V. vitis-idaea","aspect",63,0.0166111364653442
"V. vitis-idaea","aspect",64,0.0159670608407051
"V. vitis-idaea","aspect",65,0.0162160890407883
"V. vitis-idaea","aspect",66,0.0160955984844988
"V. vitis-idaea","aspect",67,0.0162729133309962
"V. vitis-idaea","aspect",68,0.0162726768948478
"V. vitis-idaea","aspect",69,0.0159936275414446
"V. vitis-idaea","aspect",70,0.0162807141718339
"V. vitis-idaea","aspect",71,0.0160948809555085
"V. vitis-idaea","aspect",72,0.0160284845468803
"V. vitis-idaea","aspect",73,0.0163695037696412
"V. vitis-idaea","aspect",74,0.016391567214919
"V. vitis-idaea","aspect",75,0.0161425332340548
"V. vitis-idaea","aspect",76,0.0159842294991033
"V. vitis-idaea","aspect",77,0.0160630972949681
"V. vitis-idaea","aspect",78,0.0161760112422039
"V. vitis-idaea","aspect",79,0.0162416009385599
"V. vitis-idaea","aspect",80,0.0161867568520488
"V. vitis-idaea","aspect",81,0.0161779694097233
"V. vitis-idaea","aspect",82,0.0167400697721668
"V. vitis-idaea","aspect",83,0.0163076265932508
"V. vitis-idaea","aspect",84,0.0163133116624882
"V. vitis-idaea","aspect",85,0.0159830080496182
"V. vitis-idaea","aspect",86,0.0162264987976291
"V. vitis-idaea","aspect",87,0.0162640682887545
"V. vitis-idaea","aspect",88,0.0162172784077104
"V. vitis-idaea","aspect",89,0.016177975380217
"V. vitis-idaea","aspect",90,0.0163238561606817
"V. vitis-idaea","aspect",91,0.0164193767696215
"V. vitis-idaea","aspect",92,0.0166663539277284
"V. vitis-idaea","aspect",93,0.0161432893667646
"V. vitis-idaea","aspect",94,0.0165054195572654
"V. vitis-idaea","aspect",95,0.0160090974734944
"V. vitis-idaea","aspect",96,0.016083741363458
"V. vitis-idaea","aspect",97,0.0160192138275426
"V. vitis-idaea","aspect",98,0.015748107586364
"V. vitis-idaea","aspect",99,0.0160196435866364
"V. vitis-idaea","aspect",100,0.0163154546197823
"V. uliginosum","bio3",1,0.0403981249819564
"V. uliginosum","bio3",2,0.0395868256318086
"V. uliginosum","bio3",3,0.0401463843640609
"V. uliginosum","bio3",4,0.0409450907570114
"V. uliginosum","bio3",5,0.0399530373270165
"V. uliginosum","bio3",6,0.039849148121475
"V. uliginosum","bio3",7,0.0403177431361766
"V. uliginosum","bio3",8,0.0394744331149891
"V. uliginosum","bio3",9,0.0408675644939173
"V. uliginosum","bio3",10,0.0397651278248538
"V. uliginosum","bio3",11,0.0398130432060232
"V. uliginosum","bio3",12,0.039053491114685
"V. uliginosum","bio3",13,0.0399379344965379
"V. uliginosum","bio3",14,0.0407640839239116
"V. uliginosum","bio3",15,0.0393452993258997
"V. uliginosum","bio3",16,0.0387336627638294
"V. uliginosum","bio3",17,0.0394590895805917
"V. uliginosum","bio3",18,0.0405488019330791
"V. uliginosum","bio3",19,0.0399127041483297
"V. uliginosum","bio3",20,0.0402149597049376
"V. uliginosum","bio3",21,0.0395696323866022
"V. uliginosum","bio3",22,0.039527839518448
"V. uliginosum","bio3",23,0.0398051321459183
"V. uliginosum","bio3",24,0.0397054228306861
"V. uliginosum","bio3",25,0.040772060882864
"V. uliginosum","bio3",26,0.0407608880162995
"V. uliginosum","bio3",27,0.0396613109518977
"V. uliginosum","bio3",28,0.0405614703936609
"V. uliginosum","bio3",29,0.0405174813371771
"V. uliginosum","bio3",30,0.0407846402167606
"V. uliginosum","bio3",31,0.0406266080374159
"V. uliginosum","bio3",32,0.0396561043644482
"V. uliginosum","bio3",33,0.0396596381258789
"V. uliginosum","bio3",34,0.0392664728810139
"V. uliginosum","bio3",35,0.0390844869632173
"V. uliginosum","bio3",36,0.0396872738229693
"V. uliginosum","bio3",37,0.0400704440807856
"V. uliginosum","bio3",38,0.039539791341096
"V. uliginosum","bio3",39,0.0387704416989725
"V. uliginosum","bio3",40,0.0407891111067306
"V. uliginosum","bio3",41,0.0404102721350093
"V. uliginosum","bio3",42,0.0406980257778916
"V. uliginosum","bio3",43,0.0400626470792604
"V. uliginosum","bio3",44,0.0405632548621212
"V. uliginosum","bio3",45,0.0397488592447859
"V. uliginosum","bio3",46,0.040319667068105
"V. uliginosum","bio3",47,0.0394845232785018
"V. uliginosum","bio3",48,0.0400112295089844
"V. uliginosum","bio3",49,0.0398312436499656
"V. uliginosum","bio3",50,0.040380260049906
"V. uliginosum","bio3",51,0.0385589162293265
"V. uliginosum","bio3",52,0.04031166661648
"V. uliginosum","bio3",53,0.0403148334271851
"V. uliginosum","bio3",54,0.0393836778327767
"V. uliginosum","bio3",55,0.0398432835387339
"V. uliginosum","bio3",56,0.0396320437136559
"V. uliginosum","bio3",57,0.0404852766697936
"V. uliginosum","bio3",58,0.0396651384366924
"V. uliginosum","bio3",59,0.0397487969183102
"V. uliginosum","bio3",60,0.0402140906910843
"V. uliginosum","bio3",61,0.0405461675957248
"V. uliginosum","bio3",62,0.0401611478292516
"V. uliginosum","bio3",63,0.0396114932064655
"V. uliginosum","bio3",64,0.0413728906119728
"V. uliginosum","bio3",65,0.0403330197296943
"V. uliginosum","bio3",66,0.0395631044864753
"V. uliginosum","bio3",67,0.0395795812665891
"V. uliginosum","bio3",68,0.0413346505823807
"V. uliginosum","bio3",69,0.0392857767611541
"V. uliginosum","bio3",70,0.0390113618314525
"V. uliginosum","bio3",71,0.0401453379558545
"V. uliginosum","bio3",72,0.0400982451556993
"V. uliginosum","bio3",73,0.0410090486034228
"V. uliginosum","bio3",74,0.0405423770702656
"V. uliginosum","bio3",75,0.0395485400949079
"V. uliginosum","bio3",76,0.0399186772776455
"V. uliginosum","bio3",77,0.0399763406421842
"V. uliginosum","bio3",78,0.0395268221178364
"V. uliginosum","bio3",79,0.0395062962426368
"V. uliginosum","bio3",80,0.0403459132325044
"V. uliginosum","bio3",81,0.0384316061606701
"V. uliginosum","bio3",82,0.0403120348250195
"V. uliginosum","bio3",83,0.0405879804399103
"V. uliginosum","bio3",84,0.0391438496692754
"V. uliginosum","bio3",85,0.0401163138147493
"V. uliginosum","bio3",86,0.039901930840111
"V. uliginosum","bio3",87,0.0408309050177026
"V. uliginosum","bio3",88,0.0397409431158623
"V. uliginosum","bio3",89,0.0389435943101126
"V. uliginosum","bio3",90,0.0395912157962671
"V. uliginosum","bio3",91,0.0405186839014207
"V. uliginosum","bio3",92,0.0399954750615359
"V. uliginosum","bio3",93,0.0398162642513199
"V. uliginosum","bio3",94,0.0398158842818511
"V. uliginosum","bio3",95,0.0394105814661341
"V. uliginosum","bio3",96,0.0408269173345154
"V. uliginosum","bio3",97,0.0393953209800556
"V. uliginosum","bio3",98,0.040352070858461
"V. uliginosum","bio3",99,0.040330346069154
"V. uliginosum","bio3",100,0.0407781246644002
"V. uliginosum","bio4",1,0.223231372761883
"V. uliginosum","bio4",2,0.223283730942734
"V. uliginosum","bio4",3,0.226031392058696
"V. uliginosum","bio4",4,0.222689822826282
"V. uliginosum","bio4",5,0.223708279763592
"V. uliginosum","bio4",6,0.222419435057846
"V. uliginosum","bio4",7,0.223358941765263
"V. uliginosum","bio4",8,0.226358087101184
"V. uliginosum","bio4",9,0.223826160694957
"V. uliginosum","bio4",10,0.230687677443345
"V. uliginosum","bio4",11,0.223052703026629
"V. uliginosum","bio4",12,0.225638446319625
"V. uliginosum","bio4",13,0.228344342016571
"V. uliginosum","bio4",14,0.222180861060907
"V. uliginosum","bio4",15,0.226658184995582
"V. uliginosum","bio4",16,0.221275876988937
"V. uliginosum","bio4",17,0.222705590284919
"V. uliginosum","bio4",18,0.225603707032102
"V. uliginosum","bio4",19,0.225621392570743
"V. uliginosum","bio4",20,0.228510396427168
"V. uliginosum","bio4",21,0.224543986167046
"V. uliginosum","bio4",22,0.221316652275152
"V. uliginosum","bio4",23,0.23153604453982
"V. uliginosum","bio4",24,0.221926927414654
"V. uliginosum","bio4",25,0.222279690053816
"V. uliginosum","bio4",26,0.223703151811984
"V. uliginosum","bio4",27,0.224878531233621
"V. uliginosum","bio4",28,0.224711898871753
"V. uliginosum","bio4",29,0.225071760261268
"V. uliginosum","bio4",30,0.222399606167201
"V. uliginosum","bio4",31,0.226971792245005
"V. uliginosum","bio4",32,0.222572438980392
"V. uliginosum","bio4",33,0.225569374175559
"V. uliginosum","bio4",34,0.222581045049985
"V. uliginosum","bio4",35,0.220852350406044
"V. uliginosum","bio4",36,0.226928291985579
"V. uliginosum","bio4",37,0.222288234696262
"V. uliginosum","bio4",38,0.218518672782375
"V. uliginosum","bio4",39,0.222683243400296
"V. uliginosum","bio4",40,0.229084266684552
"V. uliginosum","bio4",41,0.222838830884957
"V. uliginosum","bio4",42,0.225487934546835
"V. uliginosum","bio4",43,0.228839716130749
"V. uliginosum","bio4",44,0.223383126850546
"V. uliginosum","bio4",45,0.227378575264215
"V. uliginosum","bio4",46,0.227561167153682
"V. uliginosum","bio4",47,0.226220850839858
"V. uliginosum","bio4",48,0.224431150654439
"V. uliginosum","bio4",49,0.221025875496035
"V. uliginosum","bio4",50,0.227964222868898
"V. uliginosum","bio4",51,0.224278978321491
"V. uliginosum","bio4",52,0.222317853454801
"V. uliginosum","bio4",53,0.220173377970149
"V. uliginosum","bio4",54,0.226493597706252
"V. uliginosum","bio4",55,0.219679373287884
"V. uliginosum","bio4",56,0.225005383404348
"V. uliginosum","bio4",57,0.229095662140843
"V. uliginosum","bio4",58,0.219995567909823
"V. uliginosum","bio4",59,0.224657919464456
"V. uliginosum","bio4",60,0.229415924325359
"V. uliginosum","bio4",61,0.228133832425197
"V. uliginosum","bio4",62,0.225972056654319
"V. uliginosum","bio4",63,0.22543916774243
"V. uliginosum","bio4",64,0.225440209843272
"V. uliginosum","bio4",65,0.220675694188974
"V. uliginosum","bio4",66,0.224301845665318
"V. uliginosum","bio4",67,0.230224505686275
"V. uliginosum","bio4",68,0.222551111457141
"V. uliginosum","bio4",69,0.226362023147651
"V. uliginosum","bio4",70,0.224381358122429
"V. uliginosum","bio4",71,0.220304959701516
"V. uliginosum","bio4",72,0.227450591408001
"V. uliginosum","bio4",73,0.229528617174297
"V. uliginosum","bio4",74,0.223438955489956
"V. uliginosum","bio4",75,0.228286100189727
"V. uliginosum","bio4",76,0.228789966297561
"V. uliginosum","bio4",77,0.228847783836361
"V. uliginosum","bio4",78,0.226166176336614
"V. uliginosum","bio4",79,0.227925709125681
"V. uliginosum","bio4",80,0.222075454127324
"V. uliginosum","bio4",81,0.222637797145359
"V. uliginosum","bio4",82,0.229731818483747
"V. uliginosum","bio4",83,0.225569491586604
"V. uliginosum","bio4",84,0.22498096598111
"V. uliginosum","bio4",85,0.222398759632064
"V. uliginosum","bio4",86,0.223427967533869
"V. uliginosum","bio4",87,0.222644279779676
"V. uliginosum","bio4",88,0.227515297137747
"V. uliginosum","bio4",89,0.222327967462821
"V. uliginosum","bio4",90,0.223079107337776
"V. uliginosum","bio4",91,0.224125451025622
"V. uliginosum","bio4",92,0.224711914341602
"V. uliginosum","bio4",93,0.224662554081441
"V. uliginosum","bio4",94,0.223850105866404
"V. uliginosum","bio4",95,0.228070807527734
"V. uliginosum","bio4",96,0.219285106113804
"V. uliginosum","bio4",97,0.215915827840921
"V. uliginosum","bio4",98,0.230995953412271
"V. uliginosum","bio4",99,0.226632664414517
"V. uliginosum","bio4",100,0.223162911907669
"V. uliginosum","bio9",1,0.418461059041932
"V. uliginosum","bio9",2,0.421040493593451
"V. uliginosum","bio9",3,0.411391870323908
"V. uliginosum","bio9",4,0.41726782211803
"V. uliginosum","bio9",5,0.413812480894656
"V. uliginosum","bio9",6,0.418068161473544
"V. uliginosum","bio9",7,0.422821778722559
"V. uliginosum","bio9",8,0.41280448013256
"V. uliginosum","bio9",9,0.423249924877574
"V. uliginosum","bio9",10,0.413242609673331
"V. uliginosum","bio9",11,0.417992828701505
"V. uliginosum","bio9",12,0.421031139237021
"V. uliginosum","bio9",13,0.419987446613634
"V. uliginosum","bio9",14,0.418680963041294
"V. uliginosum","bio9",15,0.418590805088043
"V. uliginosum","bio9",16,0.416436838212159
"V. uliginosum","bio9",17,0.413620090226987
"V. uliginosum","bio9",18,0.428880689170848
"V. uliginosum","bio9",19,0.417276538808496
"V. uliginosum","bio9",20,0.413732045313963
"V. uliginosum","bio9",21,0.421917644374559
"V. uliginosum","bio9",22,0.415474545369583
"V. uliginosum","bio9",23,0.421882400170794
"V. uliginosum","bio9",24,0.414676894893677
"V. uliginosum","bio9",25,0.425337649541262
"V. uliginosum","bio9",26,0.420180416089506
"V. uliginosum","bio9",27,0.409765704891693
"V. uliginosum","bio9",28,0.421397728537685
"V. uliginosum","bio9",29,0.417430263284073
"V. uliginosum","bio9",30,0.419330523592964
"V. uliginosum","bio9",31,0.416548682753062
"V. uliginosum","bio9",32,0.421265827929368
"V. uliginosum","bio9",33,0.425532084616316
"V. uliginosum","bio9",34,0.418469471667093
"V. uliginosum","bio9",35,0.423298701361601
"V. uliginosum","bio9",36,0.424966675358877
"V. uliginosum","bio9",37,0.412636227348154
"V. uliginosum","bio9",38,0.417900630346599
"V. uliginosum","bio9",39,0.418922227376827
"V. uliginosum","bio9",40,0.429313934720938
"V. uliginosum","bio9",41,0.425992992329053
"V. uliginosum","bio9",42,0.418395163794476
"V. uliginosum","bio9",43,0.421659881836376
"V. uliginosum","bio9",44,0.420036999311453
"V. uliginosum","bio9",45,0.426031922364484
"V. uliginosum","bio9",46,0.422451989754851
"V. uliginosum","bio9",47,0.414097913495262
"V. uliginosum","bio9",48,0.41595415152696
"V. uliginosum","bio9",49,0.412757509278971
"V. uliginosum","bio9",50,0.42343171483548
"V. uliginosum","bio9",51,0.429208459421432
"V. uliginosum","bio9",52,0.421533328634327
"V. uliginosum","bio9",53,0.418088579254321
"V. uliginosum","bio9",54,0.42552640298661
"V. uliginosum","bio9",55,0.425216535837339
"V. uliginosum","bio9",56,0.419968966246482
"V. uliginosum","bio9",57,0.417315847430879
"V. uliginosum","bio9",58,0.411878138330022
"V. uliginosum","bio9",59,0.416637796095515
"V. uliginosum","bio9",60,0.415645352747973
"V. uliginosum","bio9",61,0.41952326197863
"V. uliginosum","bio9",62,0.411700684396794
"V. uliginosum","bio9",63,0.412054586114715
"V. uliginosum","bio9",64,0.419783170292684
"V. uliginosum","bio9",65,0.414727950160627
"V. uliginosum","bio9",66,0.420124403098447
"V. uliginosum","bio9",67,0.415886039452403
"V. uliginosum","bio9",68,0.41285318263804
"V. uliginosum","bio9",69,0.420516394973861
"V. uliginosum","bio9",70,0.418218630112121
"V. uliginosum","bio9",71,0.429575561526962
"V. uliginosum","bio9",72,0.408291255841842
"V. uliginosum","bio9",73,0.422872173997805
"V. uliginosum","bio9",74,0.421745922427959
"V. uliginosum","bio9",75,0.419095302047483
"V. uliginosum","bio9",76,0.411822509165867
"V. uliginosum","bio9",77,0.422942373665524
"V. uliginosum","bio9",78,0.420111476015275
"V. uliginosum","bio9",79,0.417114215582029
"V. uliginosum","bio9",80,0.426651434398551
"V. uliginosum","bio9",81,0.427135487149144
"V. uliginosum","bio9",82,0.425531037507516
"V. uliginosum","bio9",83,0.419485713261904
"V. uliginosum","bio9",84,0.413075689563393
"V. uliginosum","bio9",85,0.420797247377216
"V. uliginosum","bio9",86,0.426541704292169
"V. uliginosum","bio9",87,0.425401565569875
"V. uliginosum","bio9",88,0.414985474678384
"V. uliginosum","bio9",89,0.416357689217664
"V. uliginosum","bio9",90,0.426853413913779
"V. uliginosum","bio9",91,0.414226952729482
"V. uliginosum","bio9",92,0.413229474684098
"V. uliginosum","bio9",93,0.419289047665435
"V. uliginosum","bio9",94,0.416833717878403
"V. uliginosum","bio9",95,0.42387334982683
"V. uliginosum","bio9",96,0.429181240657958
"V. uliginosum","bio9",97,0.424372788960282
"V. uliginosum","bio9",98,0.427375475364162
"V. uliginosum","bio9",99,0.425219452786653
"V. uliginosum","bio9",100,0.429613899673471
"V. uliginosum","bio12",1,0.0434975927213379
"V. uliginosum","bio12",2,0.0433059891439365
"V. uliginosum","bio12",3,0.0437321081105939
"V. uliginosum","bio12",4,0.0437028413209298
"V. uliginosum","bio12",5,0.0436296352166872
"V. uliginosum","bio12",6,0.042876868677671
"V. uliginosum","bio12",7,0.0431745785047317
"V. uliginosum","bio12",8,0.0428930237900437
"V. uliginosum","bio12",9,0.0430110121312091
"V. uliginosum","bio12",10,0.0430996114408363
"V. uliginosum","bio12",11,0.0422687975981942
"V. uliginosum","bio12",12,0.0430918906984479
"V. uliginosum","bio12",13,0.0423275420405391
"V. uliginosum","bio12",14,0.0430391691126237
"V. uliginosum","bio12",15,0.0427658352589519
"V. uliginosum","bio12",16,0.0438067321025194
"V. uliginosum","bio12",17,0.0438815980323598
"V. uliginosum","bio12",18,0.0425198089183664
"V. uliginosum","bio12",19,0.0424328521750635
"V. uliginosum","bio12",20,0.0426742803781038
"V. uliginosum","bio12",21,0.0430990285363231
"V. uliginosum","bio12",22,0.0434448253577949
"V. uliginosum","bio12",23,0.0427094975676336
"V. uliginosum","bio12",24,0.0427540457949969
"V. uliginosum","bio12",25,0.0427470092543732
"V. uliginosum","bio12",26,0.0432235540817736
"V. uliginosum","bio12",27,0.0423428653766416
"V. uliginosum","bio12",28,0.0438756997930171
"V. uliginosum","bio12",29,0.0434583578269914
"V. uliginosum","bio12",30,0.0428363991970514
"V. uliginosum","bio12",31,0.0432932087015644
"V. uliginosum","bio12",32,0.043737434862048
"V. uliginosum","bio12",33,0.0431379124224661
"V. uliginosum","bio12",34,0.0421238016896257
"V. uliginosum","bio12",35,0.043371212472002
"V. uliginosum","bio12",36,0.0438716404567315
"V. uliginosum","bio12",37,0.0440549332236327
"V. uliginosum","bio12",38,0.0435156102976497
"V. uliginosum","bio12",39,0.0428781192149122
"V. uliginosum","bio12",40,0.0428077133528254
"V. uliginosum","bio12",41,0.0437122624787959
"V. uliginosum","bio12",42,0.0437201544300576
"V. uliginosum","bio12",43,0.0433892871989759
"V. uliginosum","bio12",44,0.0435137214919208
"V. uliginosum","bio12",45,0.0436455302239357
"V. uliginosum","bio12",46,0.0429094413122405
"V. uliginosum","bio12",47,0.0428168823283419
"V. uliginosum","bio12",48,0.0434881837290559
"V. uliginosum","bio12",49,0.0429381776690883
"V. uliginosum","bio12",50,0.0439682696776658
"V. uliginosum","bio12",51,0.0427848920959001
"V. uliginosum","bio12",52,0.0425943041116814
"V. uliginosum","bio12",53,0.0438124953266561
"V. uliginosum","bio12",54,0.0426934246362294
"V. uliginosum","bio12",55,0.043357808166361
"V. uliginosum","bio12",56,0.0435507195305449
"V. uliginosum","bio12",57,0.0417304526120008
"V. uliginosum","bio12",58,0.0441779895863462
"V. uliginosum","bio12",59,0.0433401187963979
"V. uliginosum","bio12",60,0.0434570678992144
"V. uliginosum","bio12",61,0.0424789739140552
"V. uliginosum","bio12",62,0.0429132205328915
"V. uliginosum","bio12",63,0.042870711165323
"V. uliginosum","bio12",64,0.0424159790939566
"V. uliginosum","bio12",65,0.0431576387429878
"V. uliginosum","bio12",66,0.042329421770553
"V. uliginosum","bio12",67,0.0443186748080316
"V. uliginosum","bio12",68,0.0426792133073867
"V. uliginosum","bio12",69,0.0426793679075315
"V. uliginosum","bio12",70,0.0433228602354403
"V. uliginosum","bio12",71,0.0427063847621045
"V. uliginosum","bio12",72,0.0422900769142083
"V. uliginosum","bio12",73,0.0435115093448505
"V. uliginosum","bio12",74,0.0427703820590362
"V. uliginosum","bio12",75,0.0436112728462353
"V. uliginosum","bio12",76,0.042285517872616
"V. uliginosum","bio12",77,0.0431866247622499
"V. uliginosum","bio12",78,0.0426892091474003
"V. uliginosum","bio12",79,0.0428808496432548
"V. uliginosum","bio12",80,0.0430460254410892
"V. uliginosum","bio12",81,0.0437232122248615
"V. uliginosum","bio12",82,0.0433560813854289
"V. uliginosum","bio12",83,0.0432960979974839
"V. uliginosum","bio12",84,0.0429280328853484
"V. uliginosum","bio12",85,0.0442258975675873
"V. uliginosum","bio12",86,0.043349984275596
"V. uliginosum","bio12",87,0.042998446099792
"V. uliginosum","bio12",88,0.0440763713277222
"V. uliginosum","bio12",89,0.0427079409091838
"V. uliginosum","bio12",90,0.0436079580477144
"V. uliginosum","bio12",91,0.0429592140874305
"V. uliginosum","bio12",92,0.0440065092613385
"V. uliginosum","bio12",93,0.0426934783534375
"V. uliginosum","bio12",94,0.0431520683886431
"V. uliginosum","bio12",95,0.0425927991848398
"V. uliginosum","bio12",96,0.0433692954838815
"V. uliginosum","bio12",97,0.0435423239284267
"V. uliginosum","bio12",98,0.0424290773179157
"V. uliginosum","bio12",99,0.0436434030668907
"V. uliginosum","bio12",100,0.0442306148392591
"V. uliginosum","bio14",1,0.156561983013355
"V. uliginosum","bio14",2,0.155695045974539
"V. uliginosum","bio14",3,0.159797838366436
"V. uliginosum","bio14",4,0.156461961539198
"V. uliginosum","bio14",5,0.157183326508148
"V. uliginosum","bio14",6,0.160834049507277
"V. uliginosum","bio14",7,0.158224710885943
"V. uliginosum","bio14",8,0.159801700085544
"V. uliginosum","bio14",9,0.157346101606395
"V. uliginosum","bio14",10,0.158169341743566
"V. uliginosum","bio14",11,0.160799513831911
"V. uliginosum","bio14",12,0.159946108030573
"V. uliginosum","bio14",13,0.157269216917892
"V. uliginosum","bio14",14,0.15471776990825
"V. uliginosum","bio14",15,0.157634417817112
"V. uliginosum","bio14",16,0.156008152920182
"V. uliginosum","bio14",17,0.161949578583014
"V. uliginosum","bio14",18,0.158696619316062
"V. uliginosum","bio14",19,0.158764060148658
"V. uliginosum","bio14",20,0.156510108699965
"V. uliginosum","bio14",21,0.160504489081063
"V. uliginosum","bio14",22,0.155120447393163
"V. uliginosum","bio14",23,0.155355062831101
"V. uliginosum","bio14",24,0.154265290645115
"V. uliginosum","bio14",25,0.155191910228045
"V. uliginosum","bio14",26,0.15537347405931
"V. uliginosum","bio14",27,0.160148823535681
"V. uliginosum","bio14",28,0.159824566897541
"V. uliginosum","bio14",29,0.159306295389014
"V. uliginosum","bio14",30,0.156645470779343
"V. uliginosum","bio14",31,0.157401829230181
"V. uliginosum","bio14",32,0.157836987204016
"V. uliginosum","bio14",33,0.155447841523504
"V. uliginosum","bio14",34,0.155481452966099
"V. uliginosum","bio14",35,0.158308221496726
"V. uliginosum","bio14",36,0.15941719399534
"V. uliginosum","bio14",37,0.158235534282414
"V. uliginosum","bio14",38,0.159280901324113
"V. uliginosum","bio14",39,0.158001118999052
"V. uliginosum","bio14",40,0.15881290479677
"V. uliginosum","bio14",41,0.158791287665153
"V. uliginosum","bio14",42,0.159064522966089
"V. uliginosum","bio14",43,0.157843801326915
"V. uliginosum","bio14",44,0.156407569928355
"V. uliginosum","bio14",45,0.158384969753727
"V. uliginosum","bio14",46,0.15591149658192
"V. uliginosum","bio14",47,0.157663022853373
"V. uliginosum","bio14",48,0.157043237969999
"V. uliginosum","bio14",49,0.1567192526424
"V. uliginosum","bio14",50,0.155462709431348
"V. uliginosum","bio14",51,0.157682964385715
"V. uliginosum","bio14",52,0.158238937008844
"V. uliginosum","bio14",53,0.156197127847329
"V. uliginosum","bio14",54,0.160758598454732
"V. uliginosum","bio14",55,0.157480842232666
"V. uliginosum","bio14",56,0.156993995288809
"V. uliginosum","bio14",57,0.159526678598434
"V. uliginosum","bio14",58,0.157648116867907
"V. uliginosum","bio14",59,0.156364464130572
"V. uliginosum","bio14",60,0.153949622834931
"V. uliginosum","bio14",61,0.159043987810862
"V. uliginosum","bio14",62,0.157076060665716
"V. uliginosum","bio14",63,0.157402973540614
"V. uliginosum","bio14",64,0.154294630968718
"V. uliginosum","bio14",65,0.1530038404765
"V. uliginosum","bio14",66,0.156969180915845
"V. uliginosum","bio14",67,0.153724220262507
"V. uliginosum","bio14",68,0.162792726959238
"V. uliginosum","bio14",69,0.157651981747819
"V. uliginosum","bio14",70,0.157050431358457
"V. uliginosum","bio14",71,0.155846298157848
"V. uliginosum","bio14",72,0.155037059536986
"V. uliginosum","bio14",73,0.156387381038663
"V. uliginosum","bio14",74,0.156160092937135
"V. uliginosum","bio14",75,0.155791752822875
"V. uliginosum","bio14",76,0.159044839064143
"V. uliginosum","bio14",77,0.156139469472757
"V. uliginosum","bio14",78,0.160368586465868
"V. uliginosum","bio14",79,0.156100132675123
"V. uliginosum","bio14",80,0.157360183874987
"V. uliginosum","bio14",81,0.162265720680842
"V. uliginosum","bio14",82,0.159120228420693
"V. uliginosum","bio14",83,0.15599308485699
"V. uliginosum","bio14",84,0.157513410529247
"V. uliginosum","bio14",85,0.158896625803284
"V. uliginosum","bio14",86,0.159785808875905
"V. uliginosum","bio14",87,0.16073217618834
"V. uliginosum","bio14",88,0.156793776887449
"V. uliginosum","bio14",89,0.158303263351355
"V. uliginosum","bio14",90,0.160865174695801
"V. uliginosum","bio14",91,0.158454497121331
"V. uliginosum","bio14",92,0.163760223209428
"V. uliginosum","bio14",93,0.160727392000752
"V. uliginosum","bio14",94,0.155257293745082
"V. uliginosum","bio14",95,0.161441483043031
"V. uliginosum","bio14",96,0.159381913093453
"V. uliginosum","bio14",97,0.158931334478569
"V. uliginosum","bio14",98,0.158360536475108
"V. uliginosum","bio14",99,0.157038630063252
"V. uliginosum","bio14",100,0.160887938959347
"V. uliginosum","bio15",1,0.173374278397699
"V. uliginosum","bio15",2,0.174936151264263
"V. uliginosum","bio15",3,0.173551992441355
"V. uliginosum","bio15",4,0.176058295266138
"V. uliginosum","bio15",5,0.17677348110886
"V. uliginosum","bio15",6,0.17658126026188
"V. uliginosum","bio15",7,0.177530430044128
"V. uliginosum","bio15",8,0.175111959669395
"V. uliginosum","bio15",9,0.179143701298099
"V. uliginosum","bio15",10,0.171753159369322
"V. uliginosum","bio15",11,0.17346350544638
"V. uliginosum","bio15",12,0.180438770049524
"V. uliginosum","bio15",13,0.17407650503245
"V. uliginosum","bio15",14,0.179741772861055
"V. uliginosum","bio15",15,0.176863848548525
"V. uliginosum","bio15",16,0.178204538580831
"V. uliginosum","bio15",17,0.177255323952376
"V. uliginosum","bio15",18,0.179202029516806
"V. uliginosum","bio15",19,0.178890924989896
"V. uliginosum","bio15",20,0.173928013017222
"V. uliginosum","bio15",21,0.176798068499334
"V. uliginosum","bio15",22,0.174423218990373
"V. uliginosum","bio15",23,0.177028013494834
"V. uliginosum","bio15",24,0.18083992978409
"V. uliginosum","bio15",25,0.176883791048016
"V. uliginosum","bio15",26,0.178729439513625
"V. uliginosum","bio15",27,0.180288586372597
"V. uliginosum","bio15",28,0.17501258056917
"V. uliginosum","bio15",29,0.175075074891128
"V. uliginosum","bio15",30,0.176839166708433
"V. uliginosum","bio15",31,0.175582066061317
"V. uliginosum","bio15",32,0.17411353740466
"V. uliginosum","bio15",33,0.174894396521807
"V. uliginosum","bio15",34,0.177508299831606
"V. uliginosum","bio15",35,0.174919832324357
"V. uliginosum","bio15",36,0.176241441792512
"V. uliginosum","bio15",37,0.178365700161621
"V. uliginosum","bio15",38,0.179423514471856
"V. uliginosum","bio15",39,0.179353393639616
"V. uliginosum","bio15",40,0.178282077882458
"V. uliginosum","bio15",41,0.177729591681678
"V. uliginosum","bio15",42,0.176090090042202
"V. uliginosum","bio15",43,0.179023644503593
"V. uliginosum","bio15",44,0.176276014838655
"V. uliginosum","bio15",45,0.175648924976268
"V. uliginosum","bio15",46,0.175839405131269
"V. uliginosum","bio15",47,0.178219621449153
"V. uliginosum","bio15",48,0.1759904644078
"V. uliginosum","bio15",49,0.175256619829073
"V. uliginosum","bio15",50,0.176206850397823
"V. uliginosum","bio15",51,0.17769747937336
"V. uliginosum","bio15",52,0.17934708241874
"V. uliginosum","bio15",53,0.176100705494532
"V. uliginosum","bio15",54,0.176676686087425
"V. uliginosum","bio15",55,0.173435685067856
"V. uliginosum","bio15",56,0.176638881107768
"V. uliginosum","bio15",57,0.177604046824392
"V. uliginosum","bio15",58,0.178295263771307
"V. uliginosum","bio15",59,0.174517736440591
"V. uliginosum","bio15",60,0.178554515582613
"V. uliginosum","bio15",61,0.176532401586031
"V. uliginosum","bio15",62,0.179682606095521
"V. uliginosum","bio15",63,0.17544245160618
"V. uliginosum","bio15",64,0.176374620234123
"V. uliginosum","bio15",65,0.177669668261836
"V. uliginosum","bio15",66,0.176955013628104
"V. uliginosum","bio15",67,0.173489177945724
"V. uliginosum","bio15",68,0.176108902835678
"V. uliginosum","bio15",69,0.176834112644098
"V. uliginosum","bio15",70,0.17456191273741
"V. uliginosum","bio15",71,0.177914317019524
"V. uliginosum","bio15",72,0.175161741971064
"V. uliginosum","bio15",73,0.178152963798787
"V. uliginosum","bio15",74,0.174875006682365
"V. uliginosum","bio15",75,0.178712452617229
"V. uliginosum","bio15",76,0.177776740333331
"V. uliginosum","bio15",77,0.181528254404096
"V. uliginosum","bio15",78,0.175565611257768
"V. uliginosum","bio15",79,0.179335542367663
"V. uliginosum","bio15",80,0.177287387969037
"V. uliginosum","bio15",81,0.176910220317204
"V. uliginosum","bio15",82,0.178144211792706
"V. uliginosum","bio15",83,0.175389875113084
"V. uliginosum","bio15",84,0.173801639266662
"V. uliginosum","bio15",85,0.178311172382535
"V. uliginosum","bio15",86,0.176070689549301
"V. uliginosum","bio15",87,0.177322035856454
"V. uliginosum","bio15",88,0.176636686387759
"V. uliginosum","bio15",89,0.176325235269809
"V. uliginosum","bio15",90,0.179353233722623
"V. uliginosum","bio15",91,0.181967272505406
"V. uliginosum","bio15",92,0.173567974503747
"V. uliginosum","bio15",93,0.174508556734258
"V. uliginosum","bio15",94,0.18165472931518
"V. uliginosum","bio15",95,0.17941857904941
"V. uliginosum","bio15",96,0.179470229250387
"V. uliginosum","bio15",97,0.177348241028834
"V. uliginosum","bio15",98,0.177787810595559
"V. uliginosum","bio15",99,0.177206196980702
"V. uliginosum","bio15",100,0.176690687693838
"V. uliginosum","elevation",1,0.611962623922084
"V. uliginosum","elevation",2,0.609630198651512
"V. uliginosum","elevation",3,0.610668940669749
"V. uliginosum","elevation",4,0.604518284459051
"V. uliginosum","elevation",5,0.606623378904533
"V. uliginosum","elevation",6,0.612455387094157
"V. uliginosum","elevation",7,0.602162458600037
"V. uliginosum","elevation",8,0.605230362682184
"V. uliginosum","elevation",9,0.606051342549763
"V. uliginosum","elevation",10,0.600233980188954
"V. uliginosum","elevation",11,0.608895619621565
"V. uliginosum","elevation",12,0.607372261942588
"V. uliginosum","elevation",13,0.610669318877348
"V. uliginosum","elevation",14,0.596414315644164
"V. uliginosum","elevation",15,0.603939974102983
"V. uliginosum","elevation",16,0.60491086954153
"V. uliginosum","elevation",17,0.614192603167476
"V. uliginosum","elevation",18,0.614089748495042
"V. uliginosum","elevation",19,0.59879287614739
"V. uliginosum","elevation",20,0.609659649800907
"V. uliginosum","elevation",21,0.592557136729504
"V. uliginosum","elevation",22,0.602610319848094
"V. uliginosum","elevation",23,0.613054873837801
"V. uliginosum","elevation",24,0.61357465862924
"V. uliginosum","elevation",25,0.604847971518269
"V. uliginosum","elevation",26,0.605308423833522
"V. uliginosum","elevation",27,0.608378514454962
"V. uliginosum","elevation",28,0.606546445382395
"V. uliginosum","elevation",29,0.605965236877362
"V. uliginosum","elevation",30,0.60923274263393
"V. uliginosum","elevation",31,0.612208342394182
"V. uliginosum","elevation",32,0.612540396975563
"V. uliginosum","elevation",33,0.611655959654257
"V. uliginosum","elevation",34,0.599384663268743
"V. uliginosum","elevation",35,0.604261264070841
"V. uliginosum","elevation",36,0.609917521783746
"V. uliginosum","elevation",37,0.607383288976786
"V. uliginosum","elevation",38,0.605698207493111
"V. uliginosum","elevation",39,0.605198125523656
"V. uliginosum","elevation",40,0.604613949152607
"V. uliginosum","elevation",41,0.605734141914238
"V. uliginosum","elevation",42,0.613279549626285
"V. uliginosum","elevation",43,0.603913631724881
"V. uliginosum","elevation",44,0.603376309780028
"V. uliginosum","elevation",45,0.601143068842613
"V. uliginosum","elevation",46,0.613403242158027
"V. uliginosum","elevation",47,0.605491239358117
"V. uliginosum","elevation",48,0.61470602442667
"V. uliginosum","elevation",49,0.605207335154385
"V. uliginosum","elevation",50,0.604370762445164
"V. uliginosum","elevation",51,0.610357284610129
"V. uliginosum","elevation",52,0.625303028251417
"V. uliginosum","elevation",53,0.605478073319678
"V. uliginosum","elevation",54,0.61116260285061
"V. uliginosum","elevation",55,0.605916219148013
"V. uliginosum","elevation",56,0.604335642154911
"V. uliginosum","elevation",57,0.61256888582902
"V. uliginosum","elevation",58,0.602311108629973
"V. uliginosum","elevation",59,0.612897119509516
"V. uliginosum","elevation",60,0.619978316171311
"V. uliginosum","elevation",61,0.606261439742643
"V. uliginosum","elevation",62,0.598448242128294
"V. uliginosum","elevation",63,0.616558085314609
"V. uliginosum","elevation",64,0.606296112373684
"V. uliginosum","elevation",65,0.599546696028066
"V. uliginosum","elevation",66,0.61061838365952
"V. uliginosum","elevation",67,0.610250652354329
"V. uliginosum","elevation",68,0.600746600642329
"V. uliginosum","elevation",69,0.608298805316357
"V. uliginosum","elevation",70,0.600754208116534
"V. uliginosum","elevation",71,0.614220494628761
"V. uliginosum","elevation",72,0.610936933262155
"V. uliginosum","elevation",73,0.603806941172959
"V. uliginosum","elevation",74,0.605858819771182
"V. uliginosum","elevation",75,0.606740703533958
"V. uliginosum","elevation",76,0.598456804694089
"V. uliginosum","elevation",77,0.602810943781735
"V. uliginosum","elevation",78,0.602970780163426
"V. uliginosum","elevation",79,0.611093244382203
"V. uliginosum","elevation",80,0.595812517561902
"V. uliginosum","elevation",81,0.604454037971501
"V. uliginosum","elevation",82,0.607697751430328
"V. uliginosum","elevation",83,0.604298345162308
"V. uliginosum","elevation",84,0.613144513843121
"V. uliginosum","elevation",85,0.612745600634015
"V. uliginosum","elevation",86,0.61216146752735
"V. uliginosum","elevation",87,0.608970231769459
"V. uliginosum","elevation",88,0.60536541146221
"V. uliginosum","elevation",89,0.60837335439264
"V. uliginosum","elevation",90,0.609201476024692
"V. uliginosum","elevation",91,0.603007331059875
"V. uliginosum","elevation",92,0.6113804108426
"V. uliginosum","elevation",93,0.602448107914113
"V. uliginosum","elevation",94,0.602303103975529
"V. uliginosum","elevation",95,0.602827825431586
"V. uliginosum","elevation",96,0.615970605888438
"V. uliginosum","elevation",97,0.593658771776674
"V. uliginosum","elevation",98,0.606770700660204
"V. uliginosum","elevation",99,0.606932425165332
"V. uliginosum","elevation",100,0.604856563647951
"V. uliginosum","pop_density",1,0.134638961423758
"V. uliginosum","pop_density",2,0.132432827478204
"V. uliginosum","pop_density",3,0.127785832091009
"V. uliginosum","pop_density",4,0.130081837994303
"V. uliginosum","pop_density",5,0.133578486798429
"V. uliginosum","pop_density",6,0.134704957462708
"V. uliginosum","pop_density",7,0.130552343007777
"V. uliginosum","pop_density",8,0.131963446975644
"V. uliginosum","pop_density",9,0.131837841098265
"V. uliginosum","pop_density",10,0.129739988320291
"V. uliginosum","pop_density",11,0.133904263391612
"V. uliginosum","pop_density",12,0.130626738265839
"V. uliginosum","pop_density",13,0.129967716465088
"V. uliginosum","pop_density",14,0.13074757019102
"V. uliginosum","pop_density",15,0.132469632606267
"V. uliginosum","pop_density",16,0.133370576491649
"V. uliginosum","pop_density",17,0.133401119148548
"V. uliginosum","pop_density",18,0.133102823101061
"V. uliginosum","pop_density",19,0.132455839724313
"V. uliginosum","pop_density",20,0.131811478804005
"V. uliginosum","pop_density",21,0.131763380227035
"V. uliginosum","pop_density",22,0.129590907890294
"V. uliginosum","pop_density",23,0.129755029214414
"V. uliginosum","pop_density",24,0.130444482798538
"V. uliginosum","pop_density",25,0.131348815546467
"V. uliginosum","pop_density",26,0.13476344428478
"V. uliginosum","pop_density",27,0.131133765394093
"V. uliginosum","pop_density",28,0.133782690542856
"V. uliginosum","pop_density",29,0.132620517137637
"V. uliginosum","pop_density",30,0.13208451725913
"V. uliginosum","pop_density",31,0.13173017977118
"V. uliginosum","pop_density",32,0.131695374182426
"V. uliginosum","pop_density",33,0.131539262756279
"V. uliginosum","pop_density",34,0.133336173091805
"V. uliginosum","pop_density",35,0.132120474424498
"V. uliginosum","pop_density",36,0.132874385553914
"V. uliginosum","pop_density",37,0.132842837123612
"V. uliginosum","pop_density",38,0.132870548252981
"V. uliginosum","pop_density",39,0.135064019628627
"V. uliginosum","pop_density",40,0.131477507912603
"V. uliginosum","pop_density",41,0.131796027704782
"V. uliginosum","pop_density",42,0.126179330862935
"V. uliginosum","pop_density",43,0.130019791560804
"V. uliginosum","pop_density",44,0.134560008738619
"V. uliginosum","pop_density",45,0.13137872574366
"V. uliginosum","pop_density",46,0.130083985968535
"V. uliginosum","pop_density",47,0.130785414132106
"V. uliginosum","pop_density",48,0.129484820691483
"V. uliginosum","pop_density",49,0.131490205129154
"V. uliginosum","pop_density",50,0.132088655481657
"V. uliginosum","pop_density",51,0.129073643824798
"V. uliginosum","pop_density",52,0.130187766333814
"V. uliginosum","pop_density",53,0.132129482734021
"V. uliginosum","pop_density",54,0.130667112138146
"V. uliginosum","pop_density",55,0.133388205028683
"V. uliginosum","pop_density",56,0.132190479700971
"V. uliginosum","pop_density",57,0.133107515389705
"V. uliginosum","pop_density",58,0.13310671627589
"V. uliginosum","pop_density",59,0.130102489701263
"V. uliginosum","pop_density",60,0.128684458162016
"V. uliginosum","pop_density",61,0.131045268374216
"V. uliginosum","pop_density",62,0.130697857212203
"V. uliginosum","pop_density",63,0.127323753614208
"V. uliginosum","pop_density",64,0.131329557959073
"V. uliginosum","pop_density",65,0.129678987214733
"V. uliginosum","pop_density",66,0.129790190349179
"V. uliginosum","pop_density",67,0.128136588649512
"V. uliginosum","pop_density",68,0.13290274200275
"V. uliginosum","pop_density",69,0.131892575277116
"V. uliginosum","pop_density",70,0.130415643997721
"V. uliginosum","pop_density",71,0.129975737334102
"V. uliginosum","pop_density",72,0.132683366158997
"V. uliginosum","pop_density",73,0.12939781542054
"V. uliginosum","pop_density",74,0.132002011396993
"V. uliginosum","pop_density",75,0.133252012693677
"V. uliginosum","pop_density",76,0.13502637925618
"V. uliginosum","pop_density",77,0.133541997994577
"V. uliginosum","pop_density",78,0.130508331715836
"V. uliginosum","pop_density",79,0.131242530673364
"V. uliginosum","pop_density",80,0.133855691918189
"V. uliginosum","pop_density",81,0.130911834889378
"V. uliginosum","pop_density",82,0.132727185268408
"V. uliginosum","pop_density",83,0.131962551975835
"V. uliginosum","pop_density",84,0.13100729998065
"V. uliginosum","pop_density",85,0.129456567095818
"V. uliginosum","pop_density",86,0.131107762009142
"V. uliginosum","pop_density",87,0.130640543638858
"V. uliginosum","pop_density",88,0.135014354230403
"V. uliginosum","pop_density",89,0.129969909535653
"V. uliginosum","pop_density",90,0.130687044242704
"V. uliginosum","pop_density",91,0.131942323037655
"V. uliginosum","pop_density",92,0.130600534540765
"V. uliginosum","pop_density",93,0.128588675208061
"V. uliginosum","pop_density",94,0.130908073152303
"V. uliginosum","pop_density",95,0.134406648136812
"V. uliginosum","pop_density",96,0.129298559640821
"V. uliginosum","pop_density",97,0.133610297431894
"V. uliginosum","pop_density",98,0.128356137921441
"V. uliginosum","pop_density",99,0.132487918550303
"V. uliginosum","pop_density",100,0.131254101446426
"V. uliginosum","slope",1,0.142769396358741
"V. uliginosum","slope",2,0.148010825764703
"V. uliginosum","slope",3,0.145295341908847
"V. uliginosum","slope",4,0.148182204132387
"V. uliginosum","slope",5,0.151176720592226
"V. uliginosum","slope",6,0.149048145483585
"V. uliginosum","slope",7,0.146519669055051
"V. uliginosum","slope",8,0.145179366199308
"V. uliginosum","slope",9,0.148555763299945
"V. uliginosum","slope",10,0.150561309540439
"V. uliginosum","slope",11,0.144957603381235
"V. uliginosum","slope",12,0.149362465612685
"V. uliginosum","slope",13,0.149108284616207
"V. uliginosum","slope",14,0.148170055893826
"V. uliginosum","slope",15,0.143545800256197
"V. uliginosum","slope",16,0.1490791838852
"V. uliginosum","slope",17,0.146442775499473
"V. uliginosum","slope",18,0.146728959763599
"V. uliginosum","slope",19,0.148766474351749
"V. uliginosum","slope",20,0.144416978671057
"V. uliginosum","slope",21,0.148722690858658
"V. uliginosum","slope",22,0.14858992050885
"V. uliginosum","slope",23,0.14559965514779
"V. uliginosum","slope",24,0.149203260727716
"V. uliginosum","slope",25,0.148073562573197
"V. uliginosum","slope",26,0.146708639276831
"V. uliginosum","slope",27,0.149514921396254
"V. uliginosum","slope",28,0.147749716497871
"V. uliginosum","slope",29,0.152304525415614
"V. uliginosum","slope",30,0.149168719536315
"V. uliginosum","slope",31,0.147704698036368
"V. uliginosum","slope",32,0.149197347633332
"V. uliginosum","slope",33,0.147742557373101
"V. uliginosum","slope",34,0.148213755361232
"V. uliginosum","slope",35,0.146863869418532
"V. uliginosum","slope",36,0.146942614747103
"V. uliginosum","slope",37,0.144854623449252
"V. uliginosum","slope",38,0.150989625603961
"V. uliginosum","slope",39,0.146729743925546
"V. uliginosum","slope",40,0.150417974748349
"V. uliginosum","slope",41,0.147857968921193
"V. uliginosum","slope",42,0.147021554745961
"V. uliginosum","slope",43,0.145277658240841
"V. uliginosum","slope",44,0.148328548689842
"V. uliginosum","slope",45,0.149313684811936
"V. uliginosum","slope",46,0.145798048189043
"V. uliginosum","slope",47,0.147667618692814
"V. uliginosum","slope",48,0.146042927241826
"V. uliginosum","slope",49,0.144297199367521
"V. uliginosum","slope",50,0.147517217060412
"V. uliginosum","slope",51,0.144271555684329
"V. uliginosum","slope",52,0.150435764166131
"V. uliginosum","slope",53,0.145226108152595
"V. uliginosum","slope",54,0.146900369657261
"V. uliginosum","slope",55,0.150122702540322
"V. uliginosum","slope",56,0.147888880151266
"V. uliginosum","slope",57,0.151506331566819
"V. uliginosum","slope",58,0.142748581696989
"V. uliginosum","slope",59,0.146607374211276
"V. uliginosum","slope",60,0.14539528996037
"V. uliginosum","slope",61,0.150062090938248
"V. uliginosum","slope",62,0.148973120737977
"V. uliginosum","slope",63,0.148981040711673
"V. uliginosum","slope",64,0.144971819461597
"V. uliginosum","slope",65,0.147455508820456
"V. uliginosum","slope",66,0.148064203542455
"V. uliginosum","slope",67,0.150772844473001
"V. uliginosum","slope",68,0.147271006883211
"V. uliginosum","slope",69,0.147906823133488
"V. uliginosum","slope",70,0.146996427111673
"V. uliginosum","slope",71,0.145454439217748
"V. uliginosum","slope",72,0.145976808854511
"V. uliginosum","slope",73,0.146353689352183
"V. uliginosum","slope",74,0.148522377072781
"V. uliginosum","slope",75,0.14840853555991
"V. uliginosum","slope",76,0.145194410173409
"V. uliginosum","slope",77,0.144693659908241
"V. uliginosum","slope",78,0.150666451121078
"V. uliginosum","slope",79,0.145839083128043
"V. uliginosum","slope",80,0.14866002337301
"V. uliginosum","slope",81,0.145821804219054
"V. uliginosum","slope",82,0.148281711565246
"V. uliginosum","slope",83,0.146861056094777
"V. uliginosum","slope",84,0.146625229434537
"V. uliginosum","slope",85,0.150928123769418
"V. uliginosum","slope",86,0.143141021974175
"V. uliginosum","slope",87,0.14619350179478
"V. uliginosum","slope",88,0.148573964856108
"V. uliginosum","slope",89,0.150530381008408
"V. uliginosum","slope",90,0.148060433315573
"V. uliginosum","slope",91,0.144970490514813
"V. uliginosum","slope",92,0.148820320591422
"V. uliginosum","slope",93,0.149716212727131
"V. uliginosum","slope",94,0.147302941134181
"V. uliginosum","slope",95,0.148021260149811
"V. uliginosum","slope",96,0.148490947695102
"V. uliginosum","slope",97,0.144383522300945
"V. uliginosum","slope",98,0.146312747970202
"V. uliginosum","slope",99,0.14563925395022
"V. uliginosum","slope",100,0.149091090086618
"V. uliginosum","aspect",1,4.63201764223653e-05
"V. uliginosum","aspect",2,4.51224433318798e-05
"V. uliginosum","aspect",3,4.44906100796061e-05
"V. uliginosum","aspect",4,4.57201602749313e-05
"V. uliginosum","aspect",5,4.56168196274476e-05
"V. uliginosum","aspect",6,4.554153844194e-05
"V. uliginosum","aspect",7,4.56608489910471e-05
"V. uliginosum","aspect",8,4.50559730161837e-05
"V. uliginosum","aspect",9,4.48997244586469e-05
"V. uliginosum","aspect",10,4.51451959206928e-05
"V. uliginosum","aspect",11,4.5700517613545e-05
"V. uliginosum","aspect",12,4.49429130977563e-05
"V. uliginosum","aspect",13,4.51309014977141e-05
"V. uliginosum","aspect",14,4.4393622938288e-05
"V. uliginosum","aspect",15,4.52880830047464e-05
"V. uliginosum","aspect",16,4.58139192909268e-05
"V. uliginosum","aspect",17,4.61096494441815e-05
"V. uliginosum","aspect",18,4.57291006574767e-05
"V. uliginosum","aspect",19,4.62701305964375e-05
"V. uliginosum","aspect",20,4.4858015880278e-05
"V. uliginosum","aspect",21,4.56012909456627e-05
"V. uliginosum","aspect",22,4.48904420787821e-05
"V. uliginosum","aspect",23,4.5552944101579e-05
"V. uliginosum","aspect",24,4.58696905869527e-05
"V. uliginosum","aspect",25,4.60343083917847e-05
"V. uliginosum","aspect",26,4.5913639071804e-05
"V. uliginosum","aspect",27,4.51915926714674e-05
"V. uliginosum","aspect",28,4.68285039275651e-05
"V. uliginosum","aspect",29,4.56911912133373e-05
"V. uliginosum","aspect",30,4.56369445595017e-05
"V. uliginosum","aspect",31,4.62319242667819e-05
"V. uliginosum","aspect",32,4.60113686535646e-05
"V. uliginosum","aspect",33,4.44092642889471e-05
"V. uliginosum","aspect",34,4.58398291598439e-05
"V. uliginosum","aspect",35,4.4848720356927e-05
"V. uliginosum","aspect",36,4.55067556155431e-05
"V. uliginosum","aspect",37,4.57060338050486e-05
"V. uliginosum","aspect",38,4.54450758075042e-05
"V. uliginosum","aspect",39,4.55638230344446e-05
"V. uliginosum","aspect",40,4.54217092904496e-05
"V. uliginosum","aspect",41,4.55689968731354e-05
"V. uliginosum","aspect",42,4.51269411598787e-05
"V. uliginosum","aspect",43,4.47503746948685e-05
"V. uliginosum","aspect",44,4.61640746832748e-05
"V. uliginosum","aspect",45,4.576997368122e-05
"V. uliginosum","aspect",46,4.5423086672991e-05
"V. uliginosum","aspect",47,4.5997633686734e-05
"V. uliginosum","aspect",48,4.60356603075862e-05
"V. uliginosum","aspect",49,4.49603847058055e-05
"V. uliginosum","aspect",50,4.67852377220579e-05
"V. uliginosum","aspect",51,4.58575734861855e-05
"V. uliginosum","aspect",52,4.58046896447684e-05
"V. uliginosum","aspect",53,4.60312523926643e-05
"V. uliginosum","aspect",54,4.49619161200232e-05
"V. uliginosum","aspect",55,4.50694853025846e-05
"V. uliginosum","aspect",56,4.54652045960291e-05
"V. uliginosum","aspect",57,4.55038679169073e-05
"V. uliginosum","aspect",58,4.56716096696175e-05
"V. uliginosum","aspect",59,4.54948084774864e-05
"V. uliginosum","aspect",60,4.51968417604087e-05
"V. uliginosum","aspect",61,4.48068831219173e-05
"V. uliginosum","aspect",62,4.6366283685928e-05
"V. uliginosum","aspect",63,4.52764738491096e-05
"V. uliginosum","aspect",64,4.49909648230218e-05
"V. uliginosum","aspect",65,4.50298639406155e-05
"V. uliginosum","aspect",66,4.49017332115886e-05
"V. uliginosum","aspect",67,4.55840171166288e-05
"V. uliginosum","aspect",68,4.55460920177897e-05
"V. uliginosum","aspect",69,4.56474097553228e-05
"V. uliginosum","aspect",70,4.50395143479776e-05
"V. uliginosum","aspect",71,4.55825139888955e-05
"V. uliginosum","aspect",72,4.6455482959451e-05
"V. uliginosum","aspect",73,4.59866015219967e-05
"V. uliginosum","aspect",74,4.65987367926912e-05
"V. uliginosum","aspect",75,4.58861576467795e-05
"V. uliginosum","aspect",76,4.57840391052677e-05
"V. uliginosum","aspect",77,4.52624415346881e-05
"V. uliginosum","aspect",78,4.50038796537822e-05
"V. uliginosum","aspect",79,4.54181609154114e-05
"V. uliginosum","aspect",80,4.54607413410413e-05
"V. uliginosum","aspect",81,4.51281340636545e-05
"V. uliginosum","aspect",82,4.56717593907419e-05
"V. uliginosum","aspect",83,4.57917097992366e-05
"V. uliginosum","aspect",84,4.57426564384189e-05
"V. uliginosum","aspect",85,4.55544158125543e-05
"V. uliginosum","aspect",86,4.59820544788103e-05
"V. uliginosum","aspect",87,4.58888674186309e-05
"V. uliginosum","aspect",88,4.67638180785546e-05
"V. uliginosum","aspect",89,4.47730968122784e-05
"V. uliginosum","aspect",90,4.53976429931613e-05
"V. uliginosum","aspect",91,4.5733205491616e-05
"V. uliginosum","aspect",92,4.52586532242449e-05
"V. uliginosum","aspect",93,4.61364136955522e-05
"V. uliginosum","aspect",94,4.63253701709077e-05
"V. uliginosum","aspect",95,4.55707084946466e-05
"V. uliginosum","aspect",96,4.55271667797463e-05
"V. uliginosum","aspect",97,4.53827005616469e-05
"V. uliginosum","aspect",98,4.56327990807637e-05
"V. uliginosum","aspect",99,4.58053138089332e-05
"V. uliginosum","aspect",100,4.55028275460068e-05
"H. minor","bio3",1,0
"H. minor","bio3",2,0
"H. minor","bio3",3,0
"H. minor","bio3",4,0
"H. minor","bio3",5,0
"H. minor","bio3",6,0
"H. minor","bio3",7,0
"H. minor","bio3",8,0
"H. minor","bio3",9,0
"H. minor","bio3",10,0
"H. minor","bio3",11,0
"H. minor","bio3",12,0
"H. minor","bio3",13,0
"H. minor","bio3",14,0
"H. minor","bio3",15,0
"H. minor","bio3",16,0
"H. minor","bio3",17,0
"H. minor","bio3",18,0
"H. minor","bio3",19,0
"H. minor","bio3",20,0
"H. minor","bio3",21,0
"H. minor","bio3",22,0
"H. minor","bio3",23,0
"H. minor","bio3",24,0
"H. minor","bio3",25,0
"H. minor","bio3",26,0
"H. minor","bio3",27,0
"H. minor","bio3",28,0
"H. minor","bio3",29,0
"H. minor","bio3",30,0
"H. minor","bio3",31,0
"H. minor","bio3",32,0
"H. minor","bio3",33,0
"H. minor","bio3",34,0
"H. minor","bio3",35,0
"H. minor","bio3",36,0
"H. minor","bio3",37,0
"H. minor","bio3",38,0
"H. minor","bio3",39,0
"H. minor","bio3",40,0
"H. minor","bio3",41,0
"H. minor","bio3",42,0
"H. minor","bio3",43,0
"H. minor","bio3",44,0
"H. minor","bio3",45,0
"H. minor","bio3",46,0
"H. minor","bio3",47,0
"H. minor","bio3",48,0
"H. minor","bio3",49,0
"H. minor","bio3",50,0
"H. minor","bio3",51,0
"H. minor","bio3",52,0
"H. minor","bio3",53,0
"H. minor","bio3",54,0
"H. minor","bio3",55,0
"H. minor","bio3",56,0
"H. minor","bio3",57,0
"H. minor","bio3",58,0
"H. minor","bio3",59,0
"H. minor","bio3",60,0
"H. minor","bio3",61,0
"H. minor","bio3",62,0
"H. minor","bio3",63,0
"H. minor","bio3",64,0
"H. minor","bio3",65,0
"H. minor","bio3",66,0
"H. minor","bio3",67,0
"H. minor","bio3",68,0
"H. minor","bio3",69,0
"H. minor","bio3",70,0
"H. minor","bio3",71,0
"H. minor","bio3",72,0
"H. minor","bio3",73,0
"H. minor","bio3",74,0
"H. minor","bio3",75,0
"H. minor","bio3",76,0
"H. minor","bio3",77,0
"H. minor","bio3",78,0
"H. minor","bio3",79,0
"H. minor","bio3",80,0
"H. minor","bio3",81,0
"H. minor","bio3",82,0
"H. minor","bio3",83,0
"H. minor","bio3",84,0
"H. minor","bio3",85,0
"H. minor","bio3",86,0
"H. minor","bio3",87,0
"H. minor","bio3",88,0
"H. minor","bio3",89,0
"H. minor","bio3",90,0
"H. minor","bio3",91,0
"H. minor","bio3",92,0
"H. minor","bio3",93,0
"H. minor","bio3",94,0
"H. minor","bio3",95,0
"H. minor","bio3",96,0
"H. minor","bio3",97,0
"H. minor","bio3",98,0
"H. minor","bio3",99,0
"H. minor","bio3",100,0
"H. minor","bio4",1,0.000835853338204906
"H. minor","bio4",2,0.00082569715971903
"H. minor","bio4",3,0.000816801486033469
"H. minor","bio4",4,0.000820681086494579
"H. minor","bio4",5,0.000799344826798221
"H. minor","bio4",6,0.000799912674455783
"H. minor","bio4",7,0.000819726227753836
"H. minor","bio4",8,0.000850654456081013
"H. minor","bio4",9,0.000850580957283076
"H. minor","bio4",10,0.00088972273554655
"H. minor","bio4",11,0.000810989112362104
"H. minor","bio4",12,0.000811446149419415
"H. minor","bio4",13,0.000821144728921031
"H. minor","bio4",14,0.00078880337970777
"H. minor","bio4",15,0.000814820701404706
"H. minor","bio4",16,0.000826365185599975
"H. minor","bio4",17,0.000820568524305565
"H. minor","bio4",18,0.00081816147388758
"H. minor","bio4",19,0.000836033486746102
"H. minor","bio4",20,0.000823477138767625
"H. minor","bio4",21,0.000836913445794063
"H. minor","bio4",22,0.000824820776958113
"H. minor","bio4",23,0.000844398981194816
"H. minor","bio4",24,0.000799143220229004
"H. minor","bio4",25,0.000802561554418713
"H. minor","bio4",26,0.000800372745861977
"H. minor","bio4",27,0.000836132052507432
"H. minor","bio4",28,0.00082526571423025
"H. minor","bio4",29,0.000800877199588546
"H. minor","bio4",30,0.000881709936868091
"H. minor","bio4",31,0.000809611654190245
"H. minor","bio4",32,0.000849856948059724
"H. minor","bio4",33,0.000793885366205505
"H. minor","bio4",34,0.000809811039893749
"H. minor","bio4",35,0.000838345666268836
"H. minor","bio4",36,0.00080144160859752
"H. minor","bio4",37,0.000847899314259548
"H. minor","bio4",38,0.000773724852111135
"H. minor","bio4",39,0.000777871263822227
"H. minor","bio4",40,0.0008031376612605
"H. minor","bio4",41,0.000831584152587883
"H. minor","bio4",42,0.000835505042577123
"H. minor","bio4",43,0.000823159620462643
"H. minor","bio4",44,0.000845362042528053
"H. minor","bio4",45,0.000835026910076975
"H. minor","bio4",46,0.000818059863135656
"H. minor","bio4",47,0.000812839100875262
"H. minor","bio4",48,0.000840156711809037
"H. minor","bio4",49,0.000777010435790149
"H. minor","bio4",50,0.000837735652012284
"H. minor","bio4",51,0.000855641878790503
"H. minor","bio4",52,0.000871724845858846
"H. minor","bio4",53,0.000795452895634208
"H. minor","bio4",54,0.000819039898088403
"H. minor","bio4",55,0.000788832783282456
"H. minor","bio4",56,0.000834505711716171
"H. minor","bio4",57,0.000775810968734136
"H. minor","bio4",58,0.000863985281955526
"H. minor","bio4",59,0.000799435048949637
"H. minor","bio4",60,0.000806934681304328
"H. minor","bio4",61,0.000805838348012067
"H. minor","bio4",62,0.000807149100454874
"H. minor","bio4",63,0.000827804862854387
"H. minor","bio4",64,0.000799326629742914
"H. minor","bio4",65,0.000820438549353431
"H. minor","bio4",66,0.000844391619566509
"H. minor","bio4",67,0.000841324136620858
"H. minor","bio4",68,0.000832226006546755
"H. minor","bio4",69,0.000846819147954259
"H. minor","bio4",70,0.000853936588950499
"H. minor","bio4",71,0.000821456511445939
"H. minor","bio4",72,0.000846213757564329
"H. minor","bio4",73,0.000824093085970201
"H. minor","bio4",74,0.000834330432109787
"H. minor","bio4",75,0.000820165140816065
"H. minor","bio4",76,0.000785467031949705
"H. minor","bio4",77,0.000797575611459544
"H. minor","bio4",78,0.000819179087488409
"H. minor","bio4",79,0.000846946968147022
"H. minor","bio4",80,0.000826063933546561
"H. minor","bio4",81,0.000838605991515307
"H. minor","bio4",82,0.00085556177671664
"H. minor","bio4",83,0.000854853266064937
"H. minor","bio4",84,0.000816567637533017
"H. minor","bio4",85,0.000843505421381674
"H. minor","bio4",86,0.00077194981006723
"H. minor","bio4",87,0.000851877889014863
"H. minor","bio4",88,0.000815821293814523
"H. minor","bio4",89,0.000812489641585978
"H. minor","bio4",90,0.000833880097597772
"H. minor","bio4",91,0.000862916544496439
"H. minor","bio4",92,0.000780539734320018
"H. minor","bio4",93,0.000848299734214741
"H. minor","bio4",94,0.000839762146836343
"H. minor","bio4",95,0.000852343854248372
"H. minor","bio4",96,0.000860742455404684
"H. minor","bio4",97,0.000856893000507286
"H. minor","bio4",98,0.00081450578830855
"H. minor","bio4",99,0.000845691490329092
"H. minor","bio4",100,0.00074977661890141
"H. minor","bio9",1,0.358637881444495
"H. minor","bio9",2,0.351614283599365
"H. minor","bio9",3,0.357245776542951
"H. minor","bio9",4,0.364968643781125
"H. minor","bio9",5,0.361883734515465
"H. minor","bio9",6,0.360210919258677
"H. minor","bio9",7,0.357381291212024
"H. minor","bio9",8,0.364749548773348
"H. minor","bio9",9,0.360452845917952
"H. minor","bio9",10,0.347333153591719
"H. minor","bio9",11,0.35622180143896
"H. minor","bio9",12,0.358372289340573
"H. minor","bio9",13,0.366721366047399
"H. minor","bio9",14,0.356462072884153
"H. minor","bio9",15,0.354052690678295
"H. minor","bio9",16,0.350411849204326
"H. minor","bio9",17,0.364876947085712
"H. minor","bio9",18,0.350205887034501
"H. minor","bio9",19,0.352539544266839
"H. minor","bio9",20,0.35959503976925
"H. minor","bio9",21,0.358013583915551
"H. minor","bio9",22,0.354728466883506
"H. minor","bio9",23,0.347312581078699
"H. minor","bio9",24,0.355239953631875
"H. minor","bio9",25,0.355887364504315
"H. minor","bio9",26,0.36302993561176
"H. minor","bio9",27,0.350761681305609
"H. minor","bio9",28,0.360578405891564
"H. minor","bio9",29,0.354651943547394
"H. minor","bio9",30,0.35785872710517
"H. minor","bio9",31,0.341864758823211
"H. minor","bio9",32,0.35583217963829
"H. minor","bio9",33,0.366649380217065
"H. minor","bio9",34,0.359165859653162
"H. minor","bio9",35,0.360371854230208
"H. minor","bio9",36,0.358010385873883
"H. minor","bio9",37,0.35799243252467
"H. minor","bio9",38,0.354693916003293
"H. minor","bio9",39,0.358661429502408
"H. minor","bio9",40,0.351122089966574
"H. minor","bio9",41,0.35900595461555
"H. minor","bio9",42,0.358240698817836
"H. minor","bio9",43,0.353384538796386
"H. minor","bio9",44,0.356438803345305
"H. minor","bio9",45,0.354296346587127
"H. minor","bio9",46,0.358596599175201
"H. minor","bio9",47,0.353425341889988
"H. minor","bio9",48,0.354650755640444
"H. minor","bio9",49,0.355762232125273
"H. minor","bio9",50,0.359569869215933
"H. minor","bio9",51,0.35939939034619
"H. minor","bio9",52,0.360835994353086
"H. minor","bio9",53,0.351554706808329
"H. minor","bio9",54,0.365185112446666
"H. minor","bio9",55,0.35598732842009
"H. minor","bio9",56,0.352966294812954
"H. minor","bio9",57,0.356407084596849
"H. minor","bio9",58,0.352057185029988
"H. minor","bio9",59,0.348646231438569
"H. minor","bio9",60,0.354364558520379
"H. minor","bio9",61,0.353237603251065
"H. minor","bio9",62,0.360487464994742
"H. minor","bio9",63,0.357187106701098
"H. minor","bio9",64,0.35220958770002
"H. minor","bio9",65,0.361168573356669
"H. minor","bio9",66,0.363889699335208
"H. minor","bio9",67,0.357381959820828
"H. minor","bio9",68,0.350960637006541
"H. minor","bio9",69,0.354484808247572
"H. minor","bio9",70,0.355916389309478
"H. minor","bio9",71,0.367080044171405
"H. minor","bio9",72,0.349430318340868
"H. minor","bio9",73,0.354326898278616
"H. minor","bio9",74,0.354542971731098
"H. minor","bio9",75,0.35363140046845
"H. minor","bio9",76,0.351730742316386
"H. minor","bio9",77,0.359608374014901
"H. minor","bio9",78,0.352443944590375
"H. minor","bio9",79,0.356277154936027
"H. minor","bio9",80,0.351702695445716
"H. minor","bio9",81,0.359948151076474
"H. minor","bio9",82,0.354290571854957
"H. minor","bio9",83,0.35760574225272
"H. minor","bio9",84,0.363907328077256
"H. minor","bio9",85,0.354036511878573
"H. minor","bio9",86,0.351702883612039
"H. minor","bio9",87,0.360474020743458
"H. minor","bio9",88,0.361498392303425
"H. minor","bio9",89,0.358951151308702
"H. minor","bio9",90,0.359917199802776
"H. minor","bio9",91,0.358339309270421
"H. minor","bio9",92,0.36177302111361
"H. minor","bio9",93,0.366635538084321
"H. minor","bio9",94,0.355665305491893
"H. minor","bio9",95,0.350360561899944
"H. minor","bio9",96,0.358897463438404
"H. minor","bio9",97,0.352527835012009
"H. minor","bio9",98,0.359223686971159
"H. minor","bio9",99,0.359157518972665
"H. minor","bio9",100,0.358785574785223
"H. minor","bio12",1,0.355301275559161
"H. minor","bio12",2,0.35922396459514
"H. minor","bio12",3,0.3657239851112
"H. minor","bio12",4,0.3540089171785
"H. minor","bio12",5,0.361998419730548
"H. minor","bio12",6,0.359418444044721
"H. minor","bio12",7,0.360169819321331
"H. minor","bio12",8,0.358789504747414
"H. minor","bio12",9,0.357721839861432
"H. minor","bio12",10,0.361721861136673
"H. minor","bio12",11,0.349525971009716
"H. minor","bio12",12,0.356575084245615
"H. minor","bio12",13,0.367475008037092
"H. minor","bio12",14,0.365533740577185
"H. minor","bio12",15,0.361592628775604
"H. minor","bio12",16,0.358244124494829
"H. minor","bio12",17,0.362027572487771
"H. minor","bio12",18,0.35554911294347
"H. minor","bio12",19,0.359380998792881
"H. minor","bio12",20,0.365244310329555
"H. minor","bio12",21,0.358052745978335
"H. minor","bio12",22,0.360712858221213
"H. minor","bio12",23,0.358914563646617
"H. minor","bio12",24,0.359468424846082
"H. minor","bio12",25,0.356842829290379
"H. minor","bio12",26,0.357355089919743
"H. minor","bio12",27,0.36200038511924
"H. minor","bio12",28,0.353071211080324
"H. minor","bio12",29,0.365041960326717
"H. minor","bio12",30,0.352189326263148
"H. minor","bio12",31,0.357713658398599
"H. minor","bio12",32,0.365396787705158
"H. minor","bio12",33,0.346556332327343
"H. minor","bio12",34,0.354197803026623
"H. minor","bio12",35,0.357605465766168
"H. minor","bio12",36,0.35993941072807
"H. minor","bio12",37,0.364527026349597
"H. minor","bio12",38,0.343432139771018
"H. minor","bio12",39,0.367255398544775
"H. minor","bio12",40,0.349977470919167
"H. minor","bio12",41,0.353249862186634
"H. minor","bio12",42,0.359232136492081
"H. minor","bio12",43,0.360852951264541
"H. minor","bio12",44,0.364776321040824
"H. minor","bio12",45,0.354256407466739
"H. minor","bio12",46,0.364979397177541
"H. minor","bio12",47,0.355699472566818
"H. minor","bio12",48,0.362126311937787
"H. minor","bio12",49,0.36188641226621
"H. minor","bio12",50,0.361359171573255
"H. minor","bio12",51,0.361967448580578
"H. minor","bio12",52,0.365990233379393
"H. minor","bio12",53,0.355751879745862
"H. minor","bio12",54,0.369405673306779
"H. minor","bio12",55,0.346075852904633
"H. minor","bio12",56,0.357508607224084
"H. minor","bio12",57,0.351036370725224
"H. minor","bio12",58,0.357934192682534
"H. minor","bio12",59,0.357815796742954
"H. minor","bio12",60,0.357678950981674
"H. minor","bio12",61,0.360626285649907
"H. minor","bio12",62,0.361812017128103
"H. minor","bio12",63,0.361106266057906
"H. minor","bio12",64,0.362304716898544
"H. minor","bio12",65,0.351451538829914
"H. minor","bio12",66,0.356257010308706
"H. minor","bio12",67,0.371771225608439
"H. minor","bio12",68,0.351721001741282
"H. minor","bio12",69,0.355617821661776
"H. minor","bio12",70,0.362011712913092
"H. minor","bio12",71,0.371763766022168
"H. minor","bio12",72,0.35179729851743
"H. minor","bio12",73,0.356984617637676
"H. minor","bio12",74,0.370401090053799
"H. minor","bio12",75,0.358409004478156
"H. minor","bio12",76,0.359602143078763
"H. minor","bio12",77,0.352704420375609
"H. minor","bio12",78,0.358485257538017
"H. minor","bio12",79,0.365290757652637
"H. minor","bio12",80,0.366795460263416
"H. minor","bio12",81,0.355999199532448
"H. minor","bio12",82,0.364672055624203
"H. minor","bio12",83,0.355925661127462
"H. minor","bio12",84,0.364899990225745
"H. minor","bio12",85,0.365470999707876
"H. minor","bio12",86,0.353982420707157
"H. minor","bio12",87,0.359035809678279
"H. minor","bio12",88,0.363142157507884
"H. minor","bio12",89,0.36387516162989
"H. minor","bio12",90,0.366215255386465
"H. minor","bio12",91,0.359907441858026
"H. minor","bio12",92,0.355259276349371
"H. minor","bio12",93,0.358318948702174
"H. minor","bio12",94,0.356816304190088
"H. minor","bio12",95,0.362623193244878
"H. minor","bio12",96,0.357977708281555
"H. minor","bio12",97,0.357705116172778
"H. minor","bio12",98,0.369082225462815
"H. minor","bio12",99,0.370575151890523
"H. minor","bio12",100,0.360709371228185
"H. minor","bio14",1,0.0236488423042504
"H. minor","bio14",2,0.0248965025098891
"H. minor","bio14",3,0.0253719750488428
"H. minor","bio14",4,0.0253002798722343
"H. minor","bio14",5,0.0237369040823376
"H. minor","bio14",6,0.0250623294122986
"H. minor","bio14",7,0.0258449016669836
"H. minor","bio14",8,0.0247033754678351
"H. minor","bio14",9,0.0249135891527801
"H. minor","bio14",10,0.0255706673342343
"H. minor","bio14",11,0.0251310366383587
"H. minor","bio14",12,0.024410300980121
"H. minor","bio14",13,0.0249773317601084
"H. minor","bio14",14,0.0244971986951411
"H. minor","bio14",15,0.0251677394861995
"H. minor","bio14",16,0.0266193774494751
"H. minor","bio14",17,0.025676381973724
"H. minor","bio14",18,0.0247918941706564
"H. minor","bio14",19,0.0244888733204239
"H. minor","bio14",20,0.0248191925169914
"H. minor","bio14",21,0.0240459587535012
"H. minor","bio14",22,0.0256570196977839
"H. minor","bio14",23,0.0243108455393972
"H. minor","bio14",24,0.0245310847526425
"H. minor","bio14",25,0.0243209842793995
"H. minor","bio14",26,0.0247188345575874
"H. minor","bio14",27,0.0244455353521749
"H. minor","bio14",28,0.0243422370441877
"H. minor","bio14",29,0.0253751235080368
"H. minor","bio14",30,0.0250884607717887
"H. minor","bio14",31,0.0262460671699127
"H. minor","bio14",32,0.0257784337079174
"H. minor","bio14",33,0.0256544888105171
"H. minor","bio14",34,0.0245500881978761
"H. minor","bio14",35,0.0259157185786651
"H. minor","bio14",36,0.0260455342561086
"H. minor","bio14",37,0.0252947521106995
"H. minor","bio14",38,0.0247848927391665
"H. minor","bio14",39,0.0259551671187453
"H. minor","bio14",40,0.0244083912972879
"H. minor","bio14",41,0.0246177385323905
"H. minor","bio14",42,0.0255820024093512
"H. minor","bio14",43,0.0262765876799855
"H. minor","bio14",44,0.0252838688842395
"H. minor","bio14",45,0.0247312943319719
"H. minor","bio14",46,0.0249726820087196
"H. minor","bio14",47,0.0247493251555326
"H. minor","bio14",48,0.0253665786093412
"H. minor","bio14",49,0.0243601549835084
"H. minor","bio14",50,0.0258874941224039
"H. minor","bio14",51,0.0245379570523454
"H. minor","bio14",52,0.0250986759226072
"H. minor","bio14",53,0.0253451847316694
"H. minor","bio14",54,0.023904196784249
"H. minor","bio14",55,0.0248026935774247
"H. minor","bio14",56,0.023981698832624
"H. minor","bio14",57,0.0249640453268746
"H. minor","bio14",58,0.0243579635105946
"H. minor","bio14",59,0.0250079796732229
"H. minor","bio14",60,0.0259617405604163
"H. minor","bio14",61,0.0247588992064534
"H. minor","bio14",62,0.0248386098651862
"H. minor","bio14",63,0.0251811482731826
"H. minor","bio14",64,0.0244925074804554
"H. minor","bio14",65,0.0246981190396437
"H. minor","bio14",66,0.0262774997288457
"H. minor","bio14",67,0.0235331732108089
"H. minor","bio14",68,0.0258540642721981
"H. minor","bio14",69,0.0265897596308456
"H. minor","bio14",70,0.0248224950545787
"H. minor","bio14",71,0.0241417650806878
"H. minor","bio14",72,0.0249941143014146
"H. minor","bio14",73,0.0259525120355233
"H. minor","bio14",74,0.0248797950906404
"H. minor","bio14",75,0.0255144281108558
"H. minor","bio14",76,0.0256924109034585
"H. minor","bio14",77,0.0252496846499494
"H. minor","bio14",78,0.0249211702450328
"H. minor","bio14",79,0.0246940663050929
"H. minor","bio14",80,0.0248342669707728
"H. minor","bio14",81,0.0252242582688098
"H. minor","bio14",82,0.0251291693562548
"H. minor","bio14",83,0.0236729971305185
"H. minor","bio14",84,0.02381446042886
"H. minor","bio14",85,0.0243687876559466
"H. minor","bio14",86,0.0259670244551843
"H. minor","bio14",87,0.0250219282084644
"H. minor","bio14",88,0.0253719420805864
"H. minor","bio14",89,0.0252378498533461
"H. minor","bio14",90,0.0258601800279553
"H. minor","bio14",91,0.0253741515379245
"H. minor","bio14",92,0.0274926847917444
"H. minor","bio14",93,0.0246109730335901
"H. minor","bio14",94,0.0249550318292073
"H. minor","bio14",95,0.0251599772517019
"H. minor","bio14",96,0.0245032928534226
"H. minor","bio14",97,0.0246989694304903
"H. minor","bio14",98,0.0252868563530586
"H. minor","bio14",99,0.024579575525292
"H. minor","bio14",100,0.0252709073174123
"H. minor","bio15",1,0
"H. minor","bio15",2,0
"H. minor","bio15",3,0
"H. minor","bio15",4,0
"H. minor","bio15",5,0
"H. minor","bio15",6,0
"H. minor","bio15",7,0
"H. minor","bio15",8,0
"H. minor","bio15",9,0
"H. minor","bio15",10,0
"H. minor","bio15",11,0
"H. minor","bio15",12,0
"H. minor","bio15",13,0
"H. minor","bio15",14,0
"H. minor","bio15",15,0
"H. minor","bio15",16,0
"H. minor","bio15",17,0
"H. minor","bio15",18,0
"H. minor","bio15",19,0
"H. minor","bio15",20,0
"H. minor","bio15",21,0
"H. minor","bio15",22,0
"H. minor","bio15",23,0
"H. minor","bio15",24,0
"H. minor","bio15",25,0
"H. minor","bio15",26,0
"H. minor","bio15",27,0
"H. minor","bio15",28,0
"H. minor","bio15",29,0
"H. minor","bio15",30,0
"H. minor","bio15",31,0
"H. minor","bio15",32,0
"H. minor","bio15",33,0
"H. minor","bio15",34,0
"H. minor","bio15",35,0
"H. minor","bio15",36,0
"H. minor","bio15",37,0
"H. minor","bio15",38,0
"H. minor","bio15",39,0
"H. minor","bio15",40,0
"H. minor","bio15",41,0
"H. minor","bio15",42,0
"H. minor","bio15",43,0
"H. minor","bio15",44,0
"H. minor","bio15",45,0
"H. minor","bio15",46,0
"H. minor","bio15",47,0
"H. minor","bio15",48,0
"H. minor","bio15",49,0
"H. minor","bio15",50,0
"H. minor","bio15",51,0
"H. minor","bio15",52,0
"H. minor","bio15",53,0
"H. minor","bio15",54,0
"H. minor","bio15",55,0
"H. minor","bio15",56,0
"H. minor","bio15",57,0
"H. minor","bio15",58,0
"H. minor","bio15",59,0
"H. minor","bio15",60,0
"H. minor","bio15",61,0
"H. minor","bio15",62,0
"H. minor","bio15",63,0
"H. minor","bio15",64,0
"H. minor","bio15",65,0
"H. minor","bio15",66,0
"H. minor","bio15",67,0
"H. minor","bio15",68,0
"H. minor","bio15",69,0
"H. minor","bio15",70,0
"H. minor","bio15",71,0
"H. minor","bio15",72,0
"H. minor","bio15",73,0
"H. minor","bio15",74,0
"H. minor","bio15",75,0
"H. minor","bio15",76,0
"H. minor","bio15",77,0
"H. minor","bio15",78,0
"H. minor","bio15",79,0
"H. minor","bio15",80,0
"H. minor","bio15",81,0
"H. minor","bio15",82,0
"H. minor","bio15",83,0
"H. minor","bio15",84,0
"H. minor","bio15",85,0
"H. minor","bio15",86,0
"H. minor","bio15",87,0
"H. minor","bio15",88,0
"H. minor","bio15",89,0
"H. minor","bio15",90,0
"H. minor","bio15",91,0
"H. minor","bio15",92,0
"H. minor","bio15",93,0
"H. minor","bio15",94,0
"H. minor","bio15",95,0
"H. minor","bio15",96,0
"H. minor","bio15",97,0
"H. minor","bio15",98,0
"H. minor","bio15",99,0
"H. minor","bio15",100,0
"H. minor","elevation",1,0.00180237491369251
"H. minor","elevation",2,0.00179151441582437
"H. minor","elevation",3,0.00178491091641619
"H. minor","elevation",4,0.00179252181210321
"H. minor","elevation",5,0.00180378591433661
"H. minor","elevation",6,0.00173697867339284
"H. minor","elevation",7,0.00181914089720436
"H. minor","elevation",8,0.00178173026567707
"H. minor","elevation",9,0.00182567602325456
"H. minor","elevation",10,0.00183942644652246
"H. minor","elevation",11,0.00179062519164797
"H. minor","elevation",12,0.00177407310337074
"H. minor","elevation",13,0.00181391859194358
"H. minor","elevation",14,0.00178716112990707
"H. minor","elevation",15,0.00174711578419473
"H. minor","elevation",16,0.00182711757087695
"H. minor","elevation",17,0.0018443088837321
"H. minor","elevation",18,0.00180039486850125
"H. minor","elevation",19,0.00178370294537888
"H. minor","elevation",20,0.00178615067271737
"H. minor","elevation",21,0.00175866715209061
"H. minor","elevation",22,0.00177586007600006
"H. minor","elevation",23,0.00183704521934236
"H. minor","elevation",24,0.00181363171454063
"H. minor","elevation",25,0.00175821848458657
"H. minor","elevation",26,0.00172862835119814
"H. minor","elevation",27,0.00177272159134112
"H. minor","elevation",28,0.0017563617715568
"H. minor","elevation",29,0.00179517124512263
"H. minor","elevation",30,0.00184872284027116
"H. minor","elevation",31,0.00174137706401767
"H. minor","elevation",32,0.00180480667348892
"H. minor","elevation",33,0.00181701649945154
"H. minor","elevation",34,0.00177294009484563
"H. minor","elevation",35,0.0018087956755295
"H. minor","elevation",36,0.00175400451161023
"H. minor","elevation",37,0.00174260410207439
"H. minor","elevation",38,0.00182778365132397
"H. minor","elevation",39,0.00179577078137305
"H. minor","elevation",40,0.0017907172100885
"H. minor","elevation",41,0.00180928743997055
"H. minor","elevation",42,0.00185096253905526
"H. minor","elevation",43,0.00176039554598539
"H. minor","elevation",44,0.00180310388980587
"H. minor","elevation",45,0.00181228997569327
"H. minor","elevation",46,0.00175578428826217
"H. minor","elevation",47,0.00182141968716676
"H. minor","elevation",48,0.00179385834872281
"H. minor","elevation",49,0.00178548643323584
"H. minor","elevation",50,0.00180766804397681
"H. minor","elevation",51,0.00176202626096966
"H. minor","elevation",52,0.00184295999595019
"H. minor","elevation",53,0.00182264259472908
"H. minor","elevation",54,0.00180625868601125
"H. minor","elevation",55,0.00176034228992239
"H. minor","elevation",56,0.0017616317305803
"H. minor","elevation",57,0.00180035885215601
"H. minor","elevation",58,0.00180977679756755
"H. minor","elevation",59,0.00173700784757647
"H. minor","elevation",60,0.00178417972729228
"H. minor","elevation",61,0.00179522090066864
"H. minor","elevation",62,0.00178428261959007
"H. minor","elevation",63,0.00179942075030648
"H. minor","elevation",64,0.00182635287498234
"H. minor","elevation",65,0.00180222477989667
"H. minor","elevation",66,0.00179398534144593
"H. minor","elevation",67,0.00182193771134476
"H. minor","elevation",68,0.00179758128886265
"H. minor","elevation",69,0.00177092255627376
"H. minor","elevation",70,0.00182296133020332
"H. minor","elevation",71,0.00183596349414261
"H. minor","elevation",72,0.00173407463832687
"H. minor","elevation",73,0.00173050455646984
"H. minor","elevation",74,0.00179573956683399
"H. minor","elevation",75,0.00179826780452164
"H. minor","elevation",76,0.00182641405436446
"H. minor","elevation",77,0.00177501488578469
"H. minor","elevation",78,0.00182735451113913
"H. minor","elevation",79,0.00175942562574505
"H. minor","elevation",80,0.00176334884851759
"H. minor","elevation",81,0.00183513404365188
"H. minor","elevation",82,0.00176345734026151
"H. minor","elevation",83,0.00179669495405521
"H. minor","elevation",84,0.0018345709979658
"H. minor","elevation",85,0.00177800157966468
"H. minor","elevation",86,0.00186073932239117
"H. minor","elevation",87,0.00172258727288421
"H. minor","elevation",88,0.00183350156114781
"H. minor","elevation",89,0.00179820544730758
"H. minor","elevation",90,0.00174045058280015
"H. minor","elevation",91,0.00173586329129727
"H. minor","elevation",92,0.00179642645289879
"H. minor","elevation",93,0.00181865415365712
"H. minor","elevation",94,0.00182814504735629
"H. minor","elevation",95,0.00180808150763612
"H. minor","elevation",96,0.00177194776450007
"H. minor","elevation",97,0.00175682963795698
"H. minor","elevation",98,0.00179770851540029
"H. minor","elevation",99,0.00180460401975102
"H. minor","elevation",100,0.00179796809535793
"H. minor","pop_density",1,0.0402239563600298
"H. minor","pop_density",2,0.0403753813646083
"H. minor","pop_density",3,0.0400017035152346
"H. minor","pop_density",4,0.0405788358152348
"H. minor","pop_density",5,0.0399868376188545
"H. minor","pop_density",6,0.0407713261511806
"H. minor","pop_density",7,0.0404099945112811
"H. minor","pop_density",8,0.0402971973640556
"H. minor","pop_density",9,0.0394747330212664
"H. minor","pop_density",10,0.0402622644239263
"H. minor","pop_density",11,0.0392356083953501
"H. minor","pop_density",12,0.0394023198729244
"H. minor","pop_density",13,0.0391912827822106
"H. minor","pop_density",14,0.0395435123436775
"H. minor","pop_density",15,0.0395155216390627
"H. minor","pop_density",16,0.0394070433469448
"H. minor","pop_density",17,0.0409784858400624
"H. minor","pop_density",18,0.0399390547838063
"H. minor","pop_density",19,0.0390802623758286
"H. minor","pop_density",20,0.0392519902120463
"H. minor","pop_density",21,0.0390943023811813
"H. minor","pop_density",22,0.0388771285414751
"H. minor","pop_density",23,0.0396491900962613
"H. minor","pop_density",24,0.0390126459117132
"H. minor","pop_density",25,0.0411400306086577
"H. minor","pop_density",26,0.0384246775257352
"H. minor","pop_density",27,0.0393875178252596
"H. minor","pop_density",28,0.0396462037105584
"H. minor","pop_density",29,0.0394541958199938
"H. minor","pop_density",30,0.039496414046611
"H. minor","pop_density",31,0.0415448791723027
"H. minor","pop_density",32,0.0410931306542213
"H. minor","pop_density",33,0.0398460028440765
"H. minor","pop_density",34,0.0392884406016049
"H. minor","pop_density",35,0.0398763275780201
"H. minor","pop_density",36,0.041107223513929
"H. minor","pop_density",37,0.0402710300395178
"H. minor","pop_density",38,0.0406176489028266
"H. minor","pop_density",39,0.0405540194762706
"H. minor","pop_density",40,0.0391702426068785
"H. minor","pop_density",41,0.0402892423024819
"H. minor","pop_density",42,0.0399969556233086
"H. minor","pop_density",43,0.0396513688793355
"H. minor","pop_density",44,0.0403919650358832
"H. minor","pop_density",45,0.0395972061972164
"H. minor","pop_density",46,0.0397887357225867
"H. minor","pop_density",47,0.0398002526241625
"H. minor","pop_density",48,0.0394279052590192
"H. minor","pop_density",49,0.0393614747808443
"H. minor","pop_density",50,0.0393271189825
"H. minor","pop_density",51,0.0412133378740764
"H. minor","pop_density",52,0.0391294547541662
"H. minor","pop_density",53,0.0389864307823381
"H. minor","pop_density",54,0.0399095754457569
"H. minor","pop_density",55,0.0384891062907565
"H. minor","pop_density",56,0.0393430177214679
"H. minor","pop_density",57,0.0406615287307431
"H. minor","pop_density",58,0.0397001806073161
"H. minor","pop_density",59,0.0396182698313065
"H. minor","pop_density",60,0.039540955029957
"H. minor","pop_density",61,0.0396970749353279
"H. minor","pop_density",62,0.0391724619745973
"H. minor","pop_density",63,0.0393460428018436
"H. minor","pop_density",64,0.0407619704760385
"H. minor","pop_density",65,0.0393104216315379
"H. minor","pop_density",66,0.0393386433829578
"H. minor","pop_density",67,0.0403854721927814
"H. minor","pop_density",68,0.0400450340859481
"H. minor","pop_density",69,0.0402116885091657
"H. minor","pop_density",70,0.0404030694105578
"H. minor","pop_density",71,0.0393424648287328
"H. minor","pop_density",72,0.0395667374890225
"H. minor","pop_density",73,0.0405308399561281
"H. minor","pop_density",74,0.0390397481349973
"H. minor","pop_density",75,0.0393847983425786
"H. minor","pop_density",76,0.0398153540655323
"H. minor","pop_density",77,0.0410005973151438
"H. minor","pop_density",78,0.0399785320187909
"H. minor","pop_density",79,0.0391365176500026
"H. minor","pop_density",80,0.0395553869617583
"H. minor","pop_density",81,0.0392139676853391
"H. minor","pop_density",82,0.0398898400843765
"H. minor","pop_density",83,0.03927752030661
"H. minor","pop_density",84,0.0389072526357112
"H. minor","pop_density",85,0.0398656428851487
"H. minor","pop_density",86,0.0406609250321274
"H. minor","pop_density",87,0.0395924004681758
"H. minor","pop_density",88,0.0400898750636526
"H. minor","pop_density",89,0.0394095429820478
"H. minor","pop_density",90,0.0392413499919173
"H. minor","pop_density",91,0.0403111514376505
"H. minor","pop_density",92,0.0403419586860864
"H. minor","pop_density",93,0.0401059670949163
"H. minor","pop_density",94,0.0393699398766126
"H. minor","pop_density",95,0.0398897641006069
"H. minor","pop_density",96,0.0399660914778237
"H. minor","pop_density",97,0.0398971737104338
"H. minor","pop_density",98,0.0392662616367072
"H. minor","pop_density",99,0.0399649862146086
"H. minor","pop_density",100,0.0394072451222331
"H. minor","slope",1,0.0282938244008869
"H. minor","slope",2,0.0277539943480168
"H. minor","slope",3,0.0273290236452529
"H. minor","slope",4,0.0280175910919005
"H. minor","slope",5,0.0286050937715593
"H. minor","slope",6,0.0272737132550516
"H. minor","slope",7,0.0277017132988948
"H. minor","slope",8,0.0269060587984641
"H. minor","slope",9,0.0278975804958141
"H. minor","slope",10,0.0285348141083571
"H. minor","slope",11,0.0286684688371543
"H. minor","slope",12,0.0274035108956382
"H. minor","slope",13,0.02807938837434
"H. minor","slope",14,0.0285713271732845
"H. minor","slope",15,0.0279799496835111
"H. minor","slope",16,0.0265480720110768
"H. minor","slope",17,0.0275094338716945
"H. minor","slope",18,0.0273946684015914
"H. minor","slope",19,0.0281165095248946
"H. minor","slope",20,0.0274428249064127
"H. minor","slope",21,0.028286903001238
"H. minor","slope",22,0.0267897102975582
"H. minor","slope",23,0.0272363003018549
"H. minor","slope",24,0.0280465100008254
"H. minor","slope",25,0.0283112131863412
"H. minor","slope",26,0.0275057015925793
"H. minor","slope",27,0.0278988030403111
"H. minor","slope",28,0.027314553859332
"H. minor","slope",29,0.0276415585571047
"H. minor","slope",30,0.0283495901461275
"H. minor","slope",31,0.0278970931253828
"H. minor","slope",32,0.0270352213802859
"H. minor","slope",33,0.0279331017751153
"H. minor","slope",34,0.0279956026081315
"H. minor","slope",35,0.0280171024076852
"H. minor","slope",36,0.027918838334831
"H. minor","slope",37,0.0273507993598981
"H. minor","slope",38,0.0270956810501897
"H. minor","slope",39,0.0278067486463592
"H. minor","slope",40,0.0286329874582525
"H. minor","slope",41,0.0285024417744928
"H. minor","slope",42,0.0271607321830534
"H. minor","slope",43,0.0279348231062058
"H. minor","slope",44,0.0282625339524475
"H. minor","slope",45,0.0277188379966155
"H. minor","slope",46,0.0283059898053333
"H. minor","slope",47,0.0283422797764673
"H. minor","slope",48,0.0282312940894179
"H. minor","slope",49,0.0283601559001844
"H. minor","slope",50,0.0278361780178953
"H. minor","slope",51,0.0287522864405794
"H. minor","slope",52,0.0276350427177425
"H. minor","slope",53,0.0280118255876699
"H. minor","slope",54,0.0279225178209583
"H. minor","slope",55,0.0281130740941828
"H. minor","slope",56,0.027542427856323
"H. minor","slope",57,0.0278337332623485
"H. minor","slope",58,0.0282596565655724
"H. minor","slope",59,0.0267929056379871
"H. minor","slope",60,0.0281246434379493
"H. minor","slope",61,0.0277005290234532
"H. minor","slope",62,0.0280023641195218
"H. minor","slope",63,0.0277279673212706
"H. minor","slope",64,0.0263021263503036
"H. minor","slope",65,0.0281534513697727
"H. minor","slope",66,0.0279301775212396
"H. minor","slope",67,0.0277118379208611
"H. minor","slope",68,0.0282064535909327
"H. minor","slope",69,0.0281047729764766
"H. minor","slope",70,0.0275791025251733
"H. minor","slope",71,0.0268722570003794
"H. minor","slope",72,0.02763874508294
"H. minor","slope",73,0.027877441108183
"H. minor","slope",74,0.0283131025199781
"H. minor","slope",75,0.0279267363411347
"H. minor","slope",76,0.0282989826512451
"H. minor","slope",77,0.0284704791996371
"H. minor","slope",78,0.0280754895450831
"H. minor","slope",79,0.0285574555607856
"H. minor","slope",80,0.0279857395180308
"H. minor","slope",81,0.0271546946090562
"H. minor","slope",82,0.0277877315377664
"H. minor","slope",83,0.0277791808205919
"H. minor","slope",84,0.028858551130398
"H. minor","slope",85,0.0282312103896243
"H. minor","slope",86,0.0274217366279681
"H. minor","slope",87,0.0282937726675347
"H. minor","slope",88,0.0288030133769543
"H. minor","slope",89,0.0280111093337754
"H. minor","slope",90,0.0280418277486528
"H. minor","slope",91,0.0272912170617073
"H. minor","slope",92,0.0271559073123288
"H. minor","slope",93,0.0278527843082669
"H. minor","slope",94,0.0274946374321809
"H. minor","slope",95,0.02680552826399
"H. minor","slope",96,0.028335211159786
"H. minor","slope",97,0.0287483510192774
"H. minor","slope",98,0.0275299511579467
"H. minor","slope",99,0.0282362928168217
"H. minor","slope",100,0.0283178080300024
"H. minor","aspect",1,0.371796228123035
"H. minor","aspect",2,0.365507617678195
"H. minor","aspect",3,0.376200019649407
"H. minor","aspect",4,0.364155747897224
"H. minor","aspect",5,0.365994016626399
"H. minor","aspect",6,0.362151959687491
"H. minor","aspect",7,0.365514903172957
"H. minor","aspect",8,0.363671914790494
"H. minor","aspect",9,0.369844796201798
"H. minor","aspect",10,0.372729940349723
"H. minor","aspect",11,0.362976456094633
"H. minor","aspect",12,0.370330507685742
"H. minor","aspect",13,0.365115822057799
"H. minor","aspect",14,0.366319806192634
"H. minor","aspect",15,0.362811843389346
"H. minor","aspect",16,0.3674910307579
"H. minor","aspect",17,0.366548877541857
"H. minor","aspect",18,0.366014909876087
"H. minor","aspect",19,0.364136464137119
"H. minor","aspect",20,0.371634805749217
"H. minor","aspect",21,0.362088076535229
"H. minor","aspect",22,0.361659142701358
"H. minor","aspect",23,0.370643159903619
"H. minor","aspect",24,0.364912904767181
"H. minor","aspect",25,0.365493847792786
"H. minor","aspect",26,0.364178774516872
"H. minor","aspect",27,0.359018370669469
"H. minor","aspect",28,0.358821291862834
"H. minor","aspect",29,0.365886294165493
"H. minor","aspect",30,0.354096168679858
"H. minor","aspect",31,0.372379034558586
"H. minor","aspect",32,0.35812055367777
"H. minor","aspect",33,0.36420499556308
"H. minor","aspect",34,0.364842898925574
"H. minor","aspect",35,0.364442681438663
"H. minor","aspect",36,0.364077068329218
"H. minor","aspect",37,0.360341800551828
"H. minor","aspect",38,0.36936675159098
"H. minor","aspect",39,0.353172695636108
"H. minor","aspect",40,0.367530995601811
"H. minor","aspect",41,0.363228524888199
"H. minor","aspect",42,0.373407483191289
"H. minor","aspect",43,0.364308880774987
"H. minor","aspect",44,0.371750574261096
"H. minor","aspect",45,0.370985242718918
"H. minor","aspect",46,0.364987574133362
"H. minor","aspect",47,0.376936661060051
"H. minor","aspect",48,0.369392944683463
"H. minor","aspect",49,0.361900835715876
"H. minor","aspect",50,0.360707090994778
"H. minor","aspect",51,0.357962081751606
"H. minor","aspect",52,0.366112293422756
"H. minor","aspect",53,0.361608125653759
"H. minor","aspect",54,0.364689223298028
"H. minor","aspect",55,0.35966665532644
"H. minor","aspect",56,0.377329081698489
"H. minor","aspect",57,0.360634207402895
"H. minor","aspect",58,0.367003132885958
"H. minor","aspect",59,0.366854358799546
"H. minor","aspect",60,0.36613075591372
"H. minor","aspect",61,0.364249863078937
"H. minor","aspect",62,0.371812547721327
"H. minor","aspect",63,0.371220869888358
"H. minor","aspect",64,0.363685090607618
"H. minor","aspect",65,0.374109763458802
"H. minor","aspect",66,0.36929747268063
"H. minor","aspect",67,0.368019565527538
"H. minor","aspect",68,0.3631863109764
"H. minor","aspect",69,0.367440781262425
"H. minor","aspect",70,0.36885410799374
"H. minor","aspect",71,0.363880703514394
"H. minor","aspect",72,0.365398256762528
"H. minor","aspect",73,0.360744789917633
"H. minor","aspect",74,0.369290982033748
"H. minor","aspect",75,0.37191821068039
"H. minor","aspect",76,0.368999599853741
"H. minor","aspect",77,0.376745357420413
"H. minor","aspect",78,0.377818944522117
"H. minor","aspect",79,0.363295785840447
"H. minor","aspect",80,0.361124004805481
"H. minor","aspect",81,0.366402230725103
"H. minor","aspect",82,0.367415223202662
"H. minor","aspect",83,0.372119334482592
"H. minor","aspect",84,0.359327803387187
"H. minor","aspect",85,0.358852011633106
"H. minor","aspect",86,0.364256652901171
"H. minor","aspect",87,0.364205761612253
"H. minor","aspect",88,0.364497271780154
"H. minor","aspect",89,0.363180950080215
"H. minor","aspect",90,0.366881060126316
"H. minor","aspect",91,0.358376832295633
"H. minor","aspect",92,0.36763637810926
"H. minor","aspect",93,0.357436105498065
"H. minor","aspect",94,0.363072314089696
"H. minor","aspect",95,0.359205076673174
"H. minor","aspect",96,0.374891782517115
"H. minor","aspect",97,0.370316907668745
"H. minor","aspect",98,0.372879983857865
"H. minor","aspect",99,0.370349770478432
"H. minor","aspect",100,0.36860344282047
"T. ledebourii","bio3",1,0.0430603651975098
"T. ledebourii","bio3",2,0.0440582940635446
"T. ledebourii","bio3",3,0.0450866970262604
"T. ledebourii","bio3",4,0.0434951524232299
"T. ledebourii","bio3",5,0.045337456258452
"T. ledebourii","bio3",6,0.0434748067263263
"T. ledebourii","bio3",7,0.0428680680270974
"T. ledebourii","bio3",8,0.0434001972205782
"T. ledebourii","bio3",9,0.0431180283829171
"T. ledebourii","bio3",10,0.0434122823351698
"T. ledebourii","bio3",11,0.0444817622156649
"T. ledebourii","bio3",12,0.0444376682542763
"T. ledebourii","bio3",13,0.0459849371097061
"T. ledebourii","bio3",14,0.044354056817942
"T. ledebourii","bio3",15,0.0444973484462781
"T. ledebourii","bio3",16,0.045358074812894
"T. ledebourii","bio3",17,0.045027342608506
"T. ledebourii","bio3",18,0.0439635080993983
"T. ledebourii","bio3",19,0.0445426459774925
"T. ledebourii","bio3",20,0.0444507806753177
"T. ledebourii","bio3",21,0.0438707296483188
"T. ledebourii","bio3",22,0.0438845327191425
"T. ledebourii","bio3",23,0.0449272112702001
"T. ledebourii","bio3",24,0.0449624993652191
"T. ledebourii","bio3",25,0.0440591599754322
"T. ledebourii","bio3",26,0.0446484873421664
"T. ledebourii","bio3",27,0.0449703005730639
"T. ledebourii","bio3",28,0.0453171134727505
"T. ledebourii","bio3",29,0.0443222062521125
"T. ledebourii","bio3",30,0.0446228638969169
"T. ledebourii","bio3",31,0.0441000435229493
"T. ledebourii","bio3",32,0.0442273875688222
"T. ledebourii","bio3",33,0.0431151588079547
"T. ledebourii","bio3",34,0.0438766918575176
"T. ledebourii","bio3",35,0.0446055215968603
"T. ledebourii","bio3",36,0.0433105172827816
"T. ledebourii","bio3",37,0.0435183021887361
"T. ledebourii","bio3",38,0.0438372446268268
"T. ledebourii","bio3",39,0.0448193097533396
"T. ledebourii","bio3",40,0.0438364477187423
"T. ledebourii","bio3",41,0.0437096539710383
"T. ledebourii","bio3",42,0.0441019529660257
"T. ledebourii","bio3",43,0.0440120564577667
"T. ledebourii","bio3",44,0.044301416978762
"T. ledebourii","bio3",45,0.045901117820092
"T. ledebourii","bio3",46,0.0437609484320185
"T. ledebourii","bio3",47,0.0431721173681946
"T. ledebourii","bio3",48,0.0444697249061341
"T. ledebourii","bio3",49,0.0437483370612886
"T. ledebourii","bio3",50,0.0448866180743605
"T. ledebourii","bio3",51,0.0446534456175574
"T. ledebourii","bio3",52,0.0443235133400857
"T. ledebourii","bio3",53,0.0435577291089881
"T. ledebourii","bio3",54,0.0440269884178076
"T. ledebourii","bio3",55,0.0440718945714527
"T. ledebourii","bio3",56,0.0446661877177824
"T. ledebourii","bio3",57,0.044096433733276
"T. ledebourii","bio3",58,0.0438125775630829
"T. ledebourii","bio3",59,0.0444365079940172
"T. ledebourii","bio3",60,0.044181985325613
"T. ledebourii","bio3",61,0.0433522691677034
"T. ledebourii","bio3",62,0.0453862481309379
"T. ledebourii","bio3",63,0.0440269971780142
"T. ledebourii","bio3",64,0.0447360624182892
"T. ledebourii","bio3",65,0.0447476204223987
"T. ledebourii","bio3",66,0.0429866595260899
"T. ledebourii","bio3",67,0.0436412874406132
"T. ledebourii","bio3",68,0.0442328693325542
"T. ledebourii","bio3",69,0.044724810423114
"T. ledebourii","bio3",70,0.0436282628982839
"T. ledebourii","bio3",71,0.0445124584170159
"T. ledebourii","bio3",72,0.0448139748171338
"T. ledebourii","bio3",73,0.0440963787322182
"T. ledebourii","bio3",74,0.0441962629466987
"T. ledebourii","bio3",75,0.0436056064887954
"T. ledebourii","bio3",76,0.0450083987908833
"T. ledebourii","bio3",77,0.0425852758209955
"T. ledebourii","bio3",78,0.0441325055003312
"T. ledebourii","bio3",79,0.0434281056675122
"T. ledebourii","bio3",80,0.0435006407898839
"T. ledebourii","bio3",81,0.0431965449717577
"T. ledebourii","bio3",82,0.0430669924475915
"T. ledebourii","bio3",83,0.0456763903424986
"T. ledebourii","bio3",84,0.0439895840170913
"T. ledebourii","bio3",85,0.0436470170272711
"T. ledebourii","bio3",86,0.0441188061281879
"T. ledebourii","bio3",87,0.043980730445348
"T. ledebourii","bio3",88,0.0442081337891959
"T. ledebourii","bio3",89,0.0451127535249082
"T. ledebourii","bio3",90,0.0449441248307443
"T. ledebourii","bio3",91,0.0427254928658608
"T. ledebourii","bio3",92,0.0447786898226025
"T. ledebourii","bio3",93,0.0444998732433491
"T. ledebourii","bio3",94,0.0437310926033078
"T. ledebourii","bio3",95,0.0439998149587751
"T. ledebourii","bio3",96,0.0447412721950234
"T. ledebourii","bio3",97,0.0436376542088074
"T. ledebourii","bio3",98,0.0455778167270374
"T. ledebourii","bio3",99,0.0441910147866522
"T. ledebourii","bio3",100,0.0445543228420622
"T. ledebourii","bio4",1,0.429182850392705
"T. ledebourii","bio4",2,0.428871267418766
"T. ledebourii","bio4",3,0.421839933644666
"T. ledebourii","bio4",4,0.442845082549978
"T. ledebourii","bio4",5,0.429084045402267
"T. ledebourii","bio4",6,0.43187452632608
"T. ledebourii","bio4",7,0.430934895441453
"T. ledebourii","bio4",8,0.432717864807869
"T. ledebourii","bio4",9,0.436123919636679
"T. ledebourii","bio4",10,0.433587487593256
"T. ledebourii","bio4",11,0.432373895247995
"T. ledebourii","bio4",12,0.433132573374513
"T. ledebourii","bio4",13,0.430368607948147
"T. ledebourii","bio4",14,0.434847238784606
"T. ledebourii","bio4",15,0.431091250706357
"T. ledebourii","bio4",16,0.439987219430546
"T. ledebourii","bio4",17,0.433731591408616
"T. ledebourii","bio4",18,0.432128259760522
"T. ledebourii","bio4",19,0.430260298051013
"T. ledebourii","bio4",20,0.435024496009888
"T. ledebourii","bio4",21,0.435438917483259
"T. ledebourii","bio4",22,0.428360669060865
"T. ledebourii","bio4",23,0.433020142171158
"T. ledebourii","bio4",24,0.439190473086606
"T. ledebourii","bio4",25,0.433865124294437
"T. ledebourii","bio4",26,0.431393659273021
"T. ledebourii","bio4",27,0.439254097093821
"T. ledebourii","bio4",28,0.428592333968461
"T. ledebourii","bio4",29,0.429899258938408
"T. ledebourii","bio4",30,0.434305218269829
"T. ledebourii","bio4",31,0.433670273180228
"T. ledebourii","bio4",32,0.43937401335372
"T. ledebourii","bio4",33,0.442103552877043
"T. ledebourii","bio4",34,0.437852136392626
"T. ledebourii","bio4",35,0.428845758725063
"T. ledebourii","bio4",36,0.419321484978063
"T. ledebourii","bio4",37,0.427735138963109
"T. ledebourii","bio4",38,0.426667371672551
"T. ledebourii","bio4",39,0.438329506035808
"T. ledebourii","bio4",40,0.430257248726623
"T. ledebourii","bio4",41,0.433696549236806
"T. ledebourii","bio4",42,0.434714558687591
"T. ledebourii","bio4",43,0.43874272173976
"T. ledebourii","bio4",44,0.432530171967744
"T. ledebourii","bio4",45,0.433455623242523
"T. ledebourii","bio4",46,0.434255522364717
"T. ledebourii","bio4",47,0.432020521283236
"T. ledebourii","bio4",48,0.436637110289363
"T. ledebourii","bio4",49,0.441426259145743
"T. ledebourii","bio4",50,0.427495332874546
"T. ledebourii","bio4",51,0.423902909716512
"T. ledebourii","bio4",52,0.437237822937295
"T. ledebourii","bio4",53,0.426699654016303
"T. ledebourii","bio4",54,0.424393551240065
"T. ledebourii","bio4",55,0.429631985688884
"T. ledebourii","bio4",56,0.43235713105584
"T. ledebourii","bio4",57,0.434559167203804
"T. ledebourii","bio4",58,0.435269023334899
"T. ledebourii","bio4",59,0.438364423785524
"T. ledebourii","bio4",60,0.430215729882099
"T. ledebourii","bio4",61,0.434965077798524
"T. ledebourii","bio4",62,0.429849378007773
"T. ledebourii","bio4",63,0.434343197394243
"T. ledebourii","bio4",64,0.429505771220958
"T. ledebourii","bio4",65,0.433149637013703
"T. ledebourii","bio4",66,0.436460548398948
"T. ledebourii","bio4",67,0.433171608249849
"T. ledebourii","bio4",68,0.437101542741917
"T. ledebourii","bio4",69,0.440516179711667
"T. ledebourii","bio4",70,0.423911259095073
"T. ledebourii","bio4",71,0.431980004043369
"T. ledebourii","bio4",72,0.431637378127796
"T. ledebourii","bio4",73,0.429571740323342
"T. ledebourii","bio4",74,0.427663575925702
"T. ledebourii","bio4",75,0.431902787476613
"T. ledebourii","bio4",76,0.435300581061667
"T. ledebourii","bio4",77,0.425739793052638
"T. ledebourii","bio4",78,0.43836255158461
"T. ledebourii","bio4",79,0.431145120685202
"T. ledebourii","bio4",80,0.428752846818742
"T. ledebourii","bio4",81,0.432054045802796
"T. ledebourii","bio4",82,0.43252383502883
"T. ledebourii","bio4",83,0.428077725759829
"T. ledebourii","bio4",84,0.427951029465199
"T. ledebourii","bio4",85,0.428512530274879
"T. ledebourii","bio4",86,0.441313432486136
"T. ledebourii","bio4",87,0.440226423359461
"T. ledebourii","bio4",88,0.430471675173665
"T. ledebourii","bio4",89,0.435322608988019
"T. ledebourii","bio4",90,0.436280649325283
"T. ledebourii","bio4",91,0.421055090076349
"T. ledebourii","bio4",92,0.427261809776153
"T. ledebourii","bio4",93,0.43216613320621
"T. ledebourii","bio4",94,0.438005207468998
"T. ledebourii","bio4",95,0.430290818662581
"T. ledebourii","bio4",96,0.424744978368813
"T. ledebourii","bio4",97,0.429704638928008
"T. ledebourii","bio4",98,0.440809878757342
"T. ledebourii","bio4",99,0.440786330511954
"T. ledebourii","bio4",100,0.436925566497143
"T. ledebourii","bio9",1,0.0593439921662385
"T. ledebourii","bio9",2,0.0591137336341774
"T. ledebourii","bio9",3,0.059548380430523
"T. ledebourii","bio9",4,0.0584202588709399
"T. ledebourii","bio9",5,0.0583187171549268
"T. ledebourii","bio9",6,0.0595971470758152
"T. ledebourii","bio9",7,0.0588090590840978
"T. ledebourii","bio9",8,0.0602584208228302
"T. ledebourii","bio9",9,0.0593299542325505
"T. ledebourii","bio9",10,0.0594391074226457
"T. ledebourii","bio9",11,0.0580255973675242
"T. ledebourii","bio9",12,0.0585290605131736
"T. ledebourii","bio9",13,0.0606065824239715
"T. ledebourii","bio9",14,0.0604805134425321
"T. ledebourii","bio9",15,0.0592674600498931
"T. ledebourii","bio9",16,0.0590292505778811
"T. ledebourii","bio9",17,0.0589464681788672
"T. ledebourii","bio9",18,0.0586187159881222
"T. ledebourii","bio9",19,0.0586602954599007
"T. ledebourii","bio9",20,0.0592466595471679
"T. ledebourii","bio9",21,0.0590284808969077
"T. ledebourii","bio9",22,0.0583162075819466
"T. ledebourii","bio9",23,0.0597241590337214
"T. ledebourii","bio9",24,0.0594234747937449
"T. ledebourii","bio9",25,0.059055434516885
"T. ledebourii","bio9",26,0.0587773043436324
"T. ledebourii","bio9",27,0.0594600925951586
"T. ledebourii","bio9",28,0.0597741155996023
"T. ledebourii","bio9",29,0.0598468707560352
"T. ledebourii","bio9",30,0.0587276452063892
"T. ledebourii","bio9",31,0.058763809179445
"T. ledebourii","bio9",32,0.0587219142554058
"T. ledebourii","bio9",33,0.0588442216801704
"T. ledebourii","bio9",34,0.0589532538010846
"T. ledebourii","bio9",35,0.0589336359917867
"T. ledebourii","bio9",36,0.0598146040666629
"T. ledebourii","bio9",37,0.0576238325073918
"T. ledebourii","bio9",38,0.0598199217705767
"T. ledebourii","bio9",39,0.0593098945042072
"T. ledebourii","bio9",40,0.0586079386174818
"T. ledebourii","bio9",41,0.0584094408747239
"T. ledebourii","bio9",42,0.0583979298187083
"T. ledebourii","bio9",43,0.060031239914218
"T. ledebourii","bio9",44,0.0589959070945044
"T. ledebourii","bio9",45,0.0599277626137759
"T. ledebourii","bio9",46,0.0593864503217014
"T. ledebourii","bio9",47,0.0600802589296417
"T. ledebourii","bio9",48,0.0594852093806399
"T. ledebourii","bio9",49,0.0596383181993236
"T. ledebourii","bio9",50,0.0596036433766843
"T. ledebourii","bio9",51,0.059970191390635
"T. ledebourii","bio9",52,0.0583978028639546
"T. ledebourii","bio9",53,0.0593747798322452
"T. ledebourii","bio9",54,0.0582732480940494
"T. ledebourii","bio9",55,0.0590534946481748
"T. ledebourii","bio9",56,0.0597278737993192
"T. ledebourii","bio9",57,0.0586087670531042
"T. ledebourii","bio9",58,0.0596473787806826
"T. ledebourii","bio9",59,0.0576855721141313
"T. ledebourii","bio9",60,0.0587849771101853
"T. ledebourii","bio9",61,0.060292651371987
"T. ledebourii","bio9",62,0.0592328999321063
"T. ledebourii","bio9",63,0.0591922677988287
"T. ledebourii","bio9",64,0.0594701019899662
"T. ledebourii","bio9",65,0.0593972757197561
"T. ledebourii","bio9",66,0.0591548781971772
"T. ledebourii","bio9",67,0.060401583959051
"T. ledebourii","bio9",68,0.0602856037676776
"T. ledebourii","bio9",69,0.059591128992045
"T. ledebourii","bio9",70,0.0580973124674924
"T. ledebourii","bio9",71,0.0597706654041152
"T. ledebourii","bio9",72,0.0587118730906602
"T. ledebourii","bio9",73,0.0584349871094579
"T. ledebourii","bio9",74,0.0569531510849541
"T. ledebourii","bio9",75,0.0587168487030414
"T. ledebourii","bio9",76,0.0583138670445513
"T. ledebourii","bio9",77,0.0598261215286616
"T. ledebourii","bio9",78,0.0598041501577358
"T. ledebourii","bio9",79,0.0586905264177926
"T. ledebourii","bio9",80,0.0601352018518504
"T. ledebourii","bio9",81,0.0595232194702577
"T. ledebourii","bio9",82,0.0572498568493497
"T. ledebourii","bio9",83,0.0583166063675067
"T. ledebourii","bio9",84,0.0596795208263404
"T. ledebourii","bio9",85,0.0604934627794551
"T. ledebourii","bio9",86,0.0580920570208887
"T. ledebourii","bio9",87,0.0593707831700402
"T. ledebourii","bio9",88,0.0593487942946627
"T. ledebourii","bio9",89,0.0578496872036147
"T. ledebourii","bio9",90,0.0566209151864034
"T. ledebourii","bio9",91,0.0591500701506235
"T. ledebourii","bio9",92,0.0580384162412625
"T. ledebourii","bio9",93,0.0580508588498239
"T. ledebourii","bio9",94,0.0601168934758917
"T. ledebourii","bio9",95,0.0590461897560048
"T. ledebourii","bio9",96,0.0583505674802698
"T. ledebourii","bio9",97,0.0580970572267637
"T. ledebourii","bio9",98,0.0593938644796106
"T. ledebourii","bio9",99,0.0610508596427841
"T. ledebourii","bio9",100,0.0594242979930834
"T. ledebourii","bio12",1,0.434251392651666
"T. ledebourii","bio12",2,0.428610077787533
"T. ledebourii","bio12",3,0.435976544106128
"T. ledebourii","bio12",4,0.433240866342606
"T. ledebourii","bio12",5,0.428212777137056
"T. ledebourii","bio12",6,0.440128529106939
"T. ledebourii","bio12",7,0.438694816328114
"T. ledebourii","bio12",8,0.433244073145501
"T. ledebourii","bio12",9,0.430225341091947
"T. ledebourii","bio12",10,0.427703743455715
"T. ledebourii","bio12",11,0.438357743810065
"T. ledebourii","bio12",12,0.439747013375187
"T. ledebourii","bio12",13,0.436883510477545
"T. ledebourii","bio12",14,0.431630473703279
"T. ledebourii","bio12",15,0.429919282828425
"T. ledebourii","bio12",16,0.435090087868328
"T. ledebourii","bio12",17,0.439082749236711
"T. ledebourii","bio12",18,0.431898307760485
"T. ledebourii","bio12",19,0.423812546780279
"T. ledebourii","bio12",20,0.426351084898186
"T. ledebourii","bio12",21,0.426199800405758
"T. ledebourii","bio12",22,0.435536223787787
"T. ledebourii","bio12",23,0.439871049231048
"T. ledebourii","bio12",24,0.433255745429902
"T. ledebourii","bio12",25,0.419607734283252
"T. ledebourii","bio12",26,0.4228606042162
"T. ledebourii","bio12",27,0.433963708577918
"T. ledebourii","bio12",28,0.435586644749742
"T. ledebourii","bio12",29,0.434045721303683
"T. ledebourii","bio12",30,0.429679420239403
"T. ledebourii","bio12",31,0.427731828629576
"T. ledebourii","bio12",32,0.430096416909076
"T. ledebourii","bio12",33,0.434414098918864
"T. ledebourii","bio12",34,0.439674397273495
"T. ledebourii","bio12",35,0.42939928286956
"T. ledebourii","bio12",36,0.427321133951519
"T. ledebourii","bio12",37,0.4328956976768
"T. ledebourii","bio12",38,0.426163928736379
"T. ledebourii","bio12",39,0.424435082874701
"T. ledebourii","bio12",40,0.427517853677156
"T. ledebourii","bio12",41,0.428420611040921
"T. ledebourii","bio12",42,0.428932059898376
"T. ledebourii","bio12",43,0.438694993102147
"T. ledebourii","bio12",44,0.42650107160932
"T. ledebourii","bio12",45,0.433586499239248
"T. ledebourii","bio12",46,0.431653934984708
"T. ledebourii","bio12",47,0.430906311897635
"T. ledebourii","bio12",48,0.433617933521393
"T. ledebourii","bio12",49,0.422888231873788
"T. ledebourii","bio12",50,0.433620356275865
"T. ledebourii","bio12",51,0.442659164081864
"T. ledebourii","bio12",52,0.431967577025408
"T. ledebourii","bio12",53,0.433381760858245
"T. ledebourii","bio12",54,0.437781944781776
"T. ledebourii","bio12",55,0.424787869981521
"T. ledebourii","bio12",56,0.433839141507324
"T. ledebourii","bio12",57,0.427049413769639
"T. ledebourii","bio12",58,0.429890492459003
"T. ledebourii","bio12",59,0.439029300490802
"T. ledebourii","bio12",60,0.435668424804844
"T. ledebourii","bio12",61,0.423988879806724
"T. ledebourii","bio12",62,0.443929326379824
"T. ledebourii","bio12",63,0.43226763022503
"T. ledebourii","bio12",64,0.43818710207359
"T. ledebourii","bio12",65,0.430626528152166
"T. ledebourii","bio12",66,0.428542049771294
"T. ledebourii","bio12",67,0.427902893327673
"T. ledebourii","bio12",68,0.437803267170881
"T. ledebourii","bio12",69,0.427783129737272
"T. ledebourii","bio12",70,0.430403121834005
"T. ledebourii","bio12",71,0.436819152288096
"T. ledebourii","bio12",72,0.431085221085504
"T. ledebourii","bio12",73,0.422445647919871
"T. ledebourii","bio12",74,0.438972137834065
"T. ledebourii","bio12",75,0.426656831293163
"T. ledebourii","bio12",76,0.421868738231232
"T. ledebourii","bio12",77,0.42740012069163
"T. ledebourii","bio12",78,0.42686047514998
"T. ledebourii","bio12",79,0.431629693448379
"T. ledebourii","bio12",80,0.434828029578249
"T. ledebourii","bio12",81,0.434984970660515
"T. ledebourii","bio12",82,0.439307487394836
"T. ledebourii","bio12",83,0.432197740227507
"T. ledebourii","bio12",84,0.439984250714317
"T. ledebourii","bio12",85,0.424677675634641
"T. ledebourii","bio12",86,0.429084415967196
"T. ledebourii","bio12",87,0.420737307472201
"T. ledebourii","bio12",88,0.421235653798986
"T. ledebourii","bio12",89,0.436239635404458
"T. ledebourii","bio12",90,0.437004339824357
"T. ledebourii","bio12",91,0.420998836264774
"T. ledebourii","bio12",92,0.442097728670444
"T. ledebourii","bio12",93,0.426258034790442
"T. ledebourii","bio12",94,0.431645657395198
"T. ledebourii","bio12",95,0.420512188344908
"T. ledebourii","bio12",96,0.43569375398133
"T. ledebourii","bio12",97,0.432535121311984
"T. ledebourii","bio12",98,0.438987834526437
"T. ledebourii","bio12",99,0.428501736069101
"T. ledebourii","bio12",100,0.432122397154489
"T. ledebourii","bio14",1,0.240430774534117
"T. ledebourii","bio14",2,0.241472948902817
"T. ledebourii","bio14",3,0.237803918456275
"T. ledebourii","bio14",4,0.237220563271177
"T. ledebourii","bio14",5,0.239876029539634
"T. ledebourii","bio14",6,0.243966844423511
"T. ledebourii","bio14",7,0.237841474392862
"T. ledebourii","bio14",8,0.234491466332153
"T. ledebourii","bio14",9,0.241877266783949
"T. ledebourii","bio14",10,0.237511462050814
"T. ledebourii","bio14",11,0.232866927881329
"T. ledebourii","bio14",12,0.238989831287569
"T. ledebourii","bio14",13,0.243155952859814
"T. ledebourii","bio14",14,0.234383022510874
"T. ledebourii","bio14",15,0.234441188995049
"T. ledebourii","bio14",16,0.23585538587204
"T. ledebourii","bio14",17,0.23908747683452
"T. ledebourii","bio14",18,0.238175240882356
"T. ledebourii","bio14",19,0.236886960928701
"T. ledebourii","bio14",20,0.238224974714974
"T. ledebourii","bio14",21,0.237087417259844
"T. ledebourii","bio14",22,0.241688592773427
"T. ledebourii","bio14",23,0.246168845325834
"T. ledebourii","bio14",24,0.248307301211612
"T. ledebourii","bio14",25,0.244141106989099
"T. ledebourii","bio14",26,0.237689466896105
"T. ledebourii","bio14",27,0.238270418302607
"T. ledebourii","bio14",28,0.238733430392469
"T. ledebourii","bio14",29,0.240382369292296
"T. ledebourii","bio14",30,0.23923197147522
"T. ledebourii","bio14",31,0.237560148182691
"T. ledebourii","bio14",32,0.236451276598744
"T. ledebourii","bio14",33,0.232906562601696
"T. ledebourii","bio14",34,0.240141872638843
"T. ledebourii","bio14",35,0.247686719594767
"T. ledebourii","bio14",36,0.232554321446298
"T. ledebourii","bio14",37,0.231865290317934
"T. ledebourii","bio14",38,0.240391255040032
"T. ledebourii","bio14",39,0.236897449130879
"T. ledebourii","bio14",40,0.23824317830581
"T. ledebourii","bio14",41,0.238811893545745
"T. ledebourii","bio14",42,0.243027618013291
"T. ledebourii","bio14",43,0.243099391565901
"T. ledebourii","bio14",44,0.241992094796846
"T. ledebourii","bio14",45,0.239069484199106
"T. ledebourii","bio14",46,0.235657618450083
"T. ledebourii","bio14",47,0.241669454618189
"T. ledebourii","bio14",48,0.22851736334481
"T. ledebourii","bio14",49,0.24025779158391
"T. ledebourii","bio14",50,0.24338340577761
"T. ledebourii","bio14",51,0.240066583338767
"T. ledebourii","bio14",52,0.2444197366293
"T. ledebourii","bio14",53,0.247733965515025
"T. ledebourii","bio14",54,0.237716446872347
"T. ledebourii","bio14",55,0.236346158791341
"T. ledebourii","bio14",56,0.241255511914283
"T. ledebourii","bio14",57,0.239436825861308
"T. ledebourii","bio14",58,0.232219304242058
"T. ledebourii","bio14",59,0.237249408305059
"T. ledebourii","bio14",60,0.240066007515859
"T. ledebourii","bio14",61,0.233377781921864
"T. ledebourii","bio14",62,0.239738497984591
"T. ledebourii","bio14",63,0.240655151286036
"T. ledebourii","bio14",64,0.239220027409248
"T. ledebourii","bio14",65,0.239707788925447
"T. ledebourii","bio14",66,0.232561749880982
"T. ledebourii","bio14",67,0.240975441298655
"T. ledebourii","bio14",68,0.233521503538002
"T. ledebourii","bio14",69,0.226902329114266
"T. ledebourii","bio14",70,0.243982830573331
"T. ledebourii","bio14",71,0.240468002255601
"T. ledebourii","bio14",72,0.239619560180643
"T. ledebourii","bio14",73,0.236210986231694
"T. ledebourii","bio14",74,0.244535143989934
"T. ledebourii","bio14",75,0.241770215644394
"T. ledebourii","bio14",76,0.241533074834819
"T. ledebourii","bio14",77,0.234697446382771
"T. ledebourii","bio14",78,0.234353707583847
"T. ledebourii","bio14",79,0.238554923765055
"T. ledebourii","bio14",80,0.232901895901704
"T. ledebourii","bio14",81,0.242642348639742
"T. ledebourii","bio14",82,0.240346966435186
"T. ledebourii","bio14",83,0.234414540147472
"T. ledebourii","bio14",84,0.239331931986655
"T. ledebourii","bio14",85,0.228815751809348
"T. ledebourii","bio14",86,0.233637060971076
"T. ledebourii","bio14",87,0.231199907806145
"T. ledebourii","bio14",88,0.235957178185325
"T. ledebourii","bio14",89,0.248618792038456
"T. ledebourii","bio14",90,0.242522752817529
"T. ledebourii","bio14",91,0.240548064925431
"T. ledebourii","bio14",92,0.240533496686438
"T. ledebourii","bio14",93,0.236567397519
"T. ledebourii","bio14",94,0.242292971994765
"T. ledebourii","bio14",95,0.231411491107769
"T. ledebourii","bio14",96,0.243646516909117
"T. ledebourii","bio14",97,0.235772575675478
"T. ledebourii","bio14",98,0.229297854444923
"T. ledebourii","bio14",99,0.23308655492813
"T. ledebourii","bio14",100,0.232696491257699
"T. ledebourii","bio15",1,0.00825307936354291
"T. ledebourii","bio15",2,0.00846201882994113
"T. ledebourii","bio15",3,0.00812415119644039
"T. ledebourii","bio15",4,0.00837360457046243
"T. ledebourii","bio15",5,0.00816273246056554
"T. ledebourii","bio15",6,0.00815331472288472
"T. ledebourii","bio15",7,0.00818010552310178
"T. ledebourii","bio15",8,0.00815094843166608
"T. ledebourii","bio15",9,0.0083488021507595
"T. ledebourii","bio15",10,0.00826242443687564
"T. ledebourii","bio15",11,0.0084128704538875
"T. ledebourii","bio15",12,0.00818924924395514
"T. ledebourii","bio15",13,0.00832390851867826
"T. ledebourii","bio15",14,0.00831559709849194
"T. ledebourii","bio15",15,0.00842090517149918
"T. ledebourii","bio15",16,0.00834684013170039
"T. ledebourii","bio15",17,0.00842310690046355
"T. ledebourii","bio15",18,0.00833317060676375
"T. ledebourii","bio15",19,0.00805591618802703
"T. ledebourii","bio15",20,0.00837483944249107
"T. ledebourii","bio15",21,0.00829705836347405
"T. ledebourii","bio15",22,0.00818027680486144
"T. ledebourii","bio15",23,0.00821920361612427
"T. ledebourii","bio15",24,0.00814537668787352
"T. ledebourii","bio15",25,0.00818828915820058
"T. ledebourii","bio15",26,0.00819104824674111
"T. ledebourii","bio15",27,0.00844518747553746
"T. ledebourii","bio15",28,0.00821204612830173
"T. ledebourii","bio15",29,0.00807521785192988
"T. ledebourii","bio15",30,0.00831805141887865
"T. ledebourii","bio15",31,0.00844031166526804
"T. ledebourii","bio15",32,0.00808445199021657
"T. ledebourii","bio15",33,0.00818703311992597
"T. ledebourii","bio15",34,0.00812259581994457
"T. ledebourii","bio15",35,0.00833062562539044
"T. ledebourii","bio15",36,0.0081558706113759
"T. ledebourii","bio15",37,0.00826681490795278
"T. ledebourii","bio15",38,0.00833741045861791
"T. ledebourii","bio15",39,0.00812675621529968
"T. ledebourii","bio15",40,0.00817394854818199
"T. ledebourii","bio15",41,0.00826679032092659
"T. ledebourii","bio15",42,0.00809662714701764
"T. ledebourii","bio15",43,0.00829362026412683
"T. ledebourii","bio15",44,0.00828585066030507
"T. ledebourii","bio15",45,0.00812009769007171
"T. ledebourii","bio15",46,0.00816180181710202
"T. ledebourii","bio15",47,0.00813853699682532
"T. ledebourii","bio15",48,0.00792631267906141
"T. ledebourii","bio15",49,0.00818801846592276
"T. ledebourii","bio15",50,0.00801827228112129
"T. ledebourii","bio15",51,0.0083165318288998
"T. ledebourii","bio15",52,0.00801597155677014
"T. ledebourii","bio15",53,0.00812160323588906
"T. ledebourii","bio15",54,0.00824629130964594
"T. ledebourii","bio15",55,0.00816695358341835
"T. ledebourii","bio15",56,0.00840049899096451
"T. ledebourii","bio15",57,0.00818187806685877
"T. ledebourii","bio15",58,0.00841292049167985
"T. ledebourii","bio15",59,0.00808228470548744
"T. ledebourii","bio15",60,0.00838994532922721
"T. ledebourii","bio15",61,0.00816434261125798
"T. ledebourii","bio15",62,0.00830589751801092
"T. ledebourii","bio15",63,0.00818517819852982
"T. ledebourii","bio15",64,0.00830477766357407
"T. ledebourii","bio15",65,0.00827047264754832
"T. ledebourii","bio15",66,0.00825645985820844
"T. ledebourii","bio15",67,0.00813064399026031
"T. ledebourii","bio15",68,0.00825695005742411
"T. ledebourii","bio15",69,0.00823625091396685
"T. ledebourii","bio15",70,0.00821412586614734
"T. ledebourii","bio15",71,0.00813532108310999
"T. ledebourii","bio15",72,0.00816196517754053
"T. ledebourii","bio15",73,0.00831372027661603
"T. ledebourii","bio15",74,0.00828227702581241
"T. ledebourii","bio15",75,0.00815347659676424
"T. ledebourii","bio15",76,0.00816383439285984
"T. ledebourii","bio15",77,0.00824790805156417
"T. ledebourii","bio15",78,0.00823230345650472
"T. ledebourii","bio15",79,0.00816768294114945
"T. ledebourii","bio15",80,0.00828154352896115
"T. ledebourii","bio15",81,0.00818067027592184
"T. ledebourii","bio15",82,0.00831926381442605
"T. ledebourii","bio15",83,0.00839331238165586
"T. ledebourii","bio15",84,0.00839435272935074
"T. ledebourii","bio15",85,0.008473672665544
"T. ledebourii","bio15",86,0.00807664730997915
"T. ledebourii","bio15",87,0.00823120126223631
"T. ledebourii","bio15",88,0.00833645591490562
"T. ledebourii","bio15",89,0.00804695855177184
"T. ledebourii","bio15",90,0.0082604751024562
"T. ledebourii","bio15",91,0.0081123507646006
"T. ledebourii","bio15",92,0.00824682258565057
"T. ledebourii","bio15",93,0.00805798188396822
"T. ledebourii","bio15",94,0.00812259320832776
"T. ledebourii","bio15",95,0.00849053117375798
"T. ledebourii","bio15",96,0.0083117234916058
"T. ledebourii","bio15",97,0.00812704887993465
"T. ledebourii","bio15",98,0.00822334127848778
"T. ledebourii","bio15",99,0.00819957034918861
"T. ledebourii","bio15",100,0.00813334932962229
"T. ledebourii","elevation",1,0.288058016493041
"T. ledebourii","elevation",2,0.283906686066128
"T. ledebourii","elevation",3,0.276671096275926
"T. ledebourii","elevation",4,0.291455961970842
"T. ledebourii","elevation",5,0.282293630614759
"T. ledebourii","elevation",6,0.284362693023659
"T. ledebourii","elevation",7,0.283796541431904
"T. ledebourii","elevation",8,0.284892235068808
"T. ledebourii","elevation",9,0.284091788966618
"T. ledebourii","elevation",10,0.282950916876794
"T. ledebourii","elevation",11,0.286917395161555
"T. ledebourii","elevation",12,0.28716024415035
"T. ledebourii","elevation",13,0.287801773884324
"T. ledebourii","elevation",14,0.290284765598937
"T. ledebourii","elevation",15,0.282104309890589
"T. ledebourii","elevation",16,0.282801296161285
"T. ledebourii","elevation",17,0.296299793049752
"T. ledebourii","elevation",18,0.292885111545054
"T. ledebourii","elevation",19,0.285877497937546
"T. ledebourii","elevation",20,0.28373865265022
"T. ledebourii","elevation",21,0.285282644397958
"T. ledebourii","elevation",22,0.28274562987189
"T. ledebourii","elevation",23,0.283404578776434
"T. ledebourii","elevation",24,0.282469746369883
"T. ledebourii","elevation",25,0.284138147650232
"T. ledebourii","elevation",26,0.289573967451991
"T. ledebourii","elevation",27,0.290182697279408
"T. ledebourii","elevation",28,0.281375606965669
"T. ledebourii","elevation",29,0.283537330046561
"T. ledebourii","elevation",30,0.290253074573655
"T. ledebourii","elevation",31,0.290932920953305
"T. ledebourii","elevation",32,0.283721875230649
"T. ledebourii","elevation",33,0.287038086151605
"T. ledebourii","elevation",34,0.291076394628843
"T. ledebourii","elevation",35,0.281077449932699
"T. ledebourii","elevation",36,0.286753037400564
"T. ledebourii","elevation",37,0.282249916423068
"T. ledebourii","elevation",38,0.285633460450571
"T. ledebourii","elevation",39,0.286543767681055
"T. ledebourii","elevation",40,0.290717379927037
"T. ledebourii","elevation",41,0.285693880694028
"T. ledebourii","elevation",42,0.289859340566264
"T. ledebourii","elevation",43,0.290699344590021
"T. ledebourii","elevation",44,0.294174695143405
"T. ledebourii","elevation",45,0.290704563132074
"T. ledebourii","elevation",46,0.284252212092526
"T. ledebourii","elevation",47,0.28673637438569
"T. ledebourii","elevation",48,0.290537786708172
"T. ledebourii","elevation",49,0.28888212982806
"T. ledebourii","elevation",50,0.292425230101438
"T. ledebourii","elevation",51,0.286365777865798
"T. ledebourii","elevation",52,0.286099018215389
"T. ledebourii","elevation",53,0.282911592774891
"T. ledebourii","elevation",54,0.293025581775306
"T. ledebourii","elevation",55,0.290059609941366
"T. ledebourii","elevation",56,0.286815938364878
"T. ledebourii","elevation",57,0.282074030586528
"T. ledebourii","elevation",58,0.280718293937071
"T. ledebourii","elevation",59,0.283973086398192
"T. ledebourii","elevation",60,0.293401836540742
"T. ledebourii","elevation",61,0.287318072652198
"T. ledebourii","elevation",62,0.282664557251219
"T. ledebourii","elevation",63,0.280736509262378
"T. ledebourii","elevation",64,0.285624185367938
"T. ledebourii","elevation",65,0.291101667474309
"T. ledebourii","elevation",66,0.292521858305538
"T. ledebourii","elevation",67,0.290234227785553
"T. ledebourii","elevation",68,0.287566899566806
"T. ledebourii","elevation",69,0.28468347996173
"T. ledebourii","elevation",70,0.287803391689637
"T. ledebourii","elevation",71,0.290798061627308
"T. ledebourii","elevation",72,0.28977848526014
"T. ledebourii","elevation",73,0.287975266759532
"T. ledebourii","elevation",74,0.283581192359513
"T. ledebourii","elevation",75,0.288220056423088
"T. ledebourii","elevation",76,0.285343775801388
"T. ledebourii","elevation",77,0.29454642455867
"T. ledebourii","elevation",78,0.286678823989838
"T. ledebourii","elevation",79,0.292316889538468
"T. ledebourii","elevation",80,0.284596389654324
"T. ledebourii","elevation",81,0.287763911507156
"T. ledebourii","elevation",82,0.286052015857412
"T. ledebourii","elevation",83,0.286928746943615
"T. ledebourii","elevation",84,0.282797005126905
"T. ledebourii","elevation",85,0.288595027333721
"T. ledebourii","elevation",86,0.28203348151565
"T. ledebourii","elevation",87,0.283826270716394
"T. ledebourii","elevation",88,0.287074081652986
"T. ledebourii","elevation",89,0.29065061884997
"T. ledebourii","elevation",90,0.290779148110062
"T. ledebourii","elevation",91,0.291324160843175
"T. ledebourii","elevation",92,0.286536272558804
"T. ledebourii","elevation",93,0.281489993867399
"T. ledebourii","elevation",94,0.288538581929113
"T. ledebourii","elevation",95,0.285647315605445
"T. ledebourii","elevation",96,0.290791954889021
"T. ledebourii","elevation",97,0.288419333053081
"T. ledebourii","elevation",98,0.291253935339798
"T. ledebourii","elevation",99,0.2819717837019
"T. ledebourii","elevation",100,0.294770469931129
"T. ledebourii","pop_density",1,0.00508101133045047
"T. ledebourii","pop_density",2,0.00520129591759122
"T. ledebourii","pop_density",3,0.00489518176180359
"T. ledebourii","pop_density",4,0.00524481938017662
"T. ledebourii","pop_density",5,0.0050493609663893
"T. ledebourii","pop_density",6,0.00519502748877843
"T. ledebourii","pop_density",7,0.0055829603908597
"T. ledebourii","pop_density",8,0.00491243207163949
"T. ledebourii","pop_density",9,0.00554758006114864
"T. ledebourii","pop_density",10,0.00529697335435575
"T. ledebourii","pop_density",11,0.00497454579255918
"T. ledebourii","pop_density",12,0.00494184621967209
"T. ledebourii","pop_density",13,0.00518428813563143
"T. ledebourii","pop_density",14,0.00466577456991302
"T. ledebourii","pop_density",15,0.00522757261901241
"T. ledebourii","pop_density",16,0.00565595502898031
"T. ledebourii","pop_density",17,0.00530418595204196
"T. ledebourii","pop_density",18,0.00511851487303194
"T. ledebourii","pop_density",19,0.00514446075016095
"T. ledebourii","pop_density",20,0.00574746641547064
"T. ledebourii","pop_density",21,0.00492299982523425
"T. ledebourii","pop_density",22,0.00510086733923043
"T. ledebourii","pop_density",23,0.00594882064543345
"T. ledebourii","pop_density",24,0.00519855618875054
"T. ledebourii","pop_density",25,0.00512394179361775
"T. ledebourii","pop_density",26,0.00521677069140158
"T. ledebourii","pop_density",27,0.00520879171095912
"T. ledebourii","pop_density",28,0.00538222716287062
"T. ledebourii","pop_density",29,0.00543252559610607
"T. ledebourii","pop_density",30,0.00548716905878421
"T. ledebourii","pop_density",31,0.00488894211472568
"T. ledebourii","pop_density",32,0.00486570452363344
"T. ledebourii","pop_density",33,0.00573690973952834
"T. ledebourii","pop_density",34,0.00577142284837096
"T. ledebourii","pop_density",35,0.00552172052344246
"T. ledebourii","pop_density",36,0.00547210073832138
"T. ledebourii","pop_density",37,0.00529965883580852
"T. ledebourii","pop_density",38,0.00523980530221591
"T. ledebourii","pop_density",39,0.00539058662106018
"T. ledebourii","pop_density",40,0.00540995648132547
"T. ledebourii","pop_density",41,0.00510878432945472
"T. ledebourii","pop_density",42,0.00526085446325353
"T. ledebourii","pop_density",43,0.00579867622023622
"T. ledebourii","pop_density",44,0.00515731945475995
"T. ledebourii","pop_density",45,0.00511407997443736
"T. ledebourii","pop_density",46,0.00562226949630407
"T. ledebourii","pop_density",47,0.00536464601806852
"T. ledebourii","pop_density",48,0.00504895904243396
"T. ledebourii","pop_density",49,0.00528304663626189
"T. ledebourii","pop_density",50,0.0053229578998526
"T. ledebourii","pop_density",51,0.00507862306366724
"T. ledebourii","pop_density",52,0.00593029038854509
"T. ledebourii","pop_density",53,0.00527430844741839
"T. ledebourii","pop_density",54,0.00493662401502704
"T. ledebourii","pop_density",55,0.00595828739509685
"T. ledebourii","pop_density",56,0.00480285768731892
"T. ledebourii","pop_density",57,0.00574339981989735
"T. ledebourii","pop_density",58,0.00529136343760916
"T. ledebourii","pop_density",59,0.00490943460193505
"T. ledebourii","pop_density",60,0.00573513527474179
"T. ledebourii","pop_density",61,0.00533160578151559
"T. ledebourii","pop_density",62,0.00524695203465819
"T. ledebourii","pop_density",63,0.00605451400074808
"T. ledebourii","pop_density",64,0.0052427530669652
"T. ledebourii","pop_density",65,0.00595318117254018
"T. ledebourii","pop_density",66,0.00535363205043715
"T. ledebourii","pop_density",67,0.00537083432968055
"T. ledebourii","pop_density",68,0.00543361120880137
"T. ledebourii","pop_density",69,0.00491996448636645
"T. ledebourii","pop_density",70,0.005750009966485
"T. ledebourii","pop_density",71,0.00541172996752493
"T. ledebourii","pop_density",72,0.00573396000845228
"T. ledebourii","pop_density",73,0.00471697350715317
"T. ledebourii","pop_density",74,0.00518252929356522
"T. ledebourii","pop_density",75,0.00578655515760096
"T. ledebourii","pop_density",76,0.00545466752970225
"T. ledebourii","pop_density",77,0.00512363910276703
"T. ledebourii","pop_density",78,0.00504142416156927
"T. ledebourii","pop_density",79,0.00497572966737014
"T. ledebourii","pop_density",80,0.00484234211246637
"T. ledebourii","pop_density",81,0.00526662005357736
"T. ledebourii","pop_density",82,0.00490421450029943
"T. ledebourii","pop_density",83,0.00546950425525305
"T. ledebourii","pop_density",84,0.00499830170141446
"T. ledebourii","pop_density",85,0.00505718601723226
"T. ledebourii","pop_density",86,0.00505980903881165
"T. ledebourii","pop_density",87,0.00508873338765647
"T. ledebourii","pop_density",88,0.00547305551763966
"T. ledebourii","pop_density",89,0.00550405106371354
"T. ledebourii","pop_density",90,0.0060880866385985
"T. ledebourii","pop_density",91,0.00602760643192235
"T. ledebourii","pop_density",92,0.0050563123085875
"T. ledebourii","pop_density",93,0.00516728586658988
"T. ledebourii","pop_density",94,0.00504594285700943
"T. ledebourii","pop_density",95,0.00564159918710105
"T. ledebourii","pop_density",96,0.00478232741941897
"T. ledebourii","pop_density",97,0.00498011644813656
"T. ledebourii","pop_density",98,0.00583645882873862
"T. ledebourii","pop_density",99,0.00543114313968185
"T. ledebourii","pop_density",100,0.0050652065291179
"T. ledebourii","slope",1,0.177005868118871
"T. ledebourii","slope",2,0.178466660462925
"T. ledebourii","slope",3,0.173638327795831
"T. ledebourii","slope",4,0.17693141470018
"T. ledebourii","slope",5,0.177491753753544
"T. ledebourii","slope",6,0.175205820740961
"T. ledebourii","slope",7,0.17382509541094
"T. ledebourii","slope",8,0.174423562850717
"T. ledebourii","slope",9,0.175280707288916
"T. ledebourii","slope",10,0.175134152972239
"T. ledebourii","slope",11,0.180999941417565
"T. ledebourii","slope",12,0.180172722585008
"T. ledebourii","slope",13,0.177236873462887
"T. ledebourii","slope",14,0.176198649516423
"T. ledebourii","slope",15,0.173076385728251
"T. ledebourii","slope",16,0.176497546357322
"T. ledebourii","slope",17,0.173253285836443
"T. ledebourii","slope",18,0.180226155407455
"T. ledebourii","slope",19,0.177614050897151
"T. ledebourii","slope",20,0.174292075577432
"T. ledebourii","slope",21,0.173784491403414
"T. ledebourii","slope",22,0.174773695421616
"T. ledebourii","slope",23,0.176043279798837
"T. ledebourii","slope",24,0.173803683228038
"T. ledebourii","slope",25,0.178073935051155
"T. ledebourii","slope",26,0.177215309575468
"T. ledebourii","slope",27,0.174564619911666
"T. ledebourii","slope",28,0.17009203919103
"T. ledebourii","slope",29,0.174745550448458
"T. ledebourii","slope",30,0.176079834028182
"T. ledebourii","slope",31,0.178113955362387
"T. ledebourii","slope",32,0.176564128544681
"T. ledebourii","slope",33,0.175698999622146
"T. ledebourii","slope",34,0.174698490690557
"T. ledebourii","slope",35,0.177525114873863
"T. ledebourii","slope",36,0.178367914220566
"T. ledebourii","slope",37,0.17477702192751
"T. ledebourii","slope",38,0.182983562629478
"T. ledebourii","slope",39,0.175610756277784
"T. ledebourii","slope",40,0.179258160612221
"T. ledebourii","slope",41,0.173452224052668
"T. ledebourii","slope",42,0.178040056831774
"T. ledebourii","slope",43,0.177776757328052
"T. ledebourii","slope",44,0.17968213246134
"T. ledebourii","slope",45,0.178935007674539
"T. ledebourii","slope",46,0.174782327628487
"T. ledebourii","slope",47,0.176143259141585
"T. ledebourii","slope",48,0.174655502094093
"T. ledebourii","slope",49,0.176280538616089
"T. ledebourii","slope",50,0.171889960785084
"T. ledebourii","slope",51,0.175008128981038
"T. ledebourii","slope",52,0.178081742262498
"T. ledebourii","slope",53,0.179001962304598
"T. ledebourii","slope",54,0.179970493290632
"T. ledebourii","slope",55,0.174324362916381
"T. ledebourii","slope",56,0.182534142597773
"T. ledebourii","slope",57,0.177181716794323
"T. ledebourii","slope",58,0.177228386250454
"T. ledebourii","slope",59,0.176539526471905
"T. ledebourii","slope",60,0.179580030194022
"T. ledebourii","slope",61,0.18053416148485
"T. ledebourii","slope",62,0.181277699880052
"T. ledebourii","slope",63,0.177226832116947
"T. ledebourii","slope",64,0.178338453597141
"T. ledebourii","slope",65,0.177438355358637
"T. ledebourii","slope",66,0.177232282930229
"T. ledebourii","slope",67,0.175813981754772
"T. ledebourii","slope",68,0.175649957513924
"T. ledebourii","slope",69,0.170977410097242
"T. ledebourii","slope",70,0.174120760472247
"T. ledebourii","slope",71,0.175442476329097
"T. ledebourii","slope",72,0.177599618374767
"T. ledebourii","slope",73,0.175360070684616
"T. ledebourii","slope",74,0.178072311606177
"T. ledebourii","slope",75,0.179677534957807
"T. ledebourii","slope",76,0.178258364368525
"T. ledebourii","slope",77,0.177104745540613
"T. ledebourii","slope",78,0.178978184986121
"T. ledebourii","slope",79,0.179863513023368
"T. ledebourii","slope",80,0.176227408560554
"T. ledebourii","slope",81,0.179455817915489
"T. ledebourii","slope",82,0.174531323068217
"T. ledebourii","slope",83,0.173054641448283
"T. ledebourii","slope",84,0.174959587566773
"T. ledebourii","slope",85,0.182276513962576
"T. ledebourii","slope",86,0.183181599299302
"T. ledebourii","slope",87,0.17287842445678
"T. ledebourii","slope",88,0.17637743580023
"T. ledebourii","slope",89,0.174048758435928
"T. ledebourii","slope",90,0.181657664420177
"T. ledebourii","slope",91,0.178728595444078
"T. ledebourii","slope",92,0.177316542521698
"T. ledebourii","slope",93,0.175443727767174
"T. ledebourii","slope",94,0.175677923684478
"T. ledebourii","slope",95,0.178618156527409
"T. ledebourii","slope",96,0.175864557833867
"T. ledebourii","slope",97,0.178571909916245
"T. ledebourii","slope",98,0.176105962399139
"T. ledebourii","slope",99,0.180832576364667
"T. ledebourii","slope",100,0.175667022595634
"T. ledebourii","aspect",1,0.016580602245893
"T. ledebourii","aspect",2,0.0172444218275944
"T. ledebourii","aspect",3,0.0159406285585501
"T. ledebourii","aspect",4,0.0167027122357343
"T. ledebourii","aspect",5,0.0170514543291997
"T. ledebourii","aspect",6,0.0163203214453845
"T. ledebourii","aspect",7,0.0168340652010278
"T. ledebourii","aspect",8,0.0165615293807095
"T. ledebourii","aspect",9,0.0166474241086876
"T. ledebourii","aspect",10,0.0170057112038819
"T. ledebourii","aspect",11,0.0165896728235432
"T. ledebourii","aspect",12,0.0165881202944723
"T. ledebourii","aspect",13,0.0164767816995858
"T. ledebourii","aspect",14,0.0165699872617309
"T. ledebourii","aspect",15,0.0168383555295873
"T. ledebourii","aspect",16,0.0168186302173274
"T. ledebourii","aspect",17,0.0162694042909023
"T. ledebourii","aspect",18,0.0165737567994657
"T. ledebourii","aspect",19,0.016246091445877
"T. ledebourii","aspect",20,0.0168520375901007
"T. ledebourii","aspect",21,0.0167078389225385
"T. ledebourii","aspect",22,0.0163121488691647
"T. ledebourii","aspect",23,0.0166814562654174
"T. ledebourii","aspect",24,0.0169553366040774
"T. ledebourii","aspect",25,0.016815973870057
"T. ledebourii","aspect",26,0.0163264534233831
"T. ledebourii","aspect",27,0.0165530343562631
"T. ledebourii","aspect",28,0.0169479030971252
"T. ledebourii","aspect",29,0.0168699576842698
"T. ledebourii","aspect",30,0.016867943969843
"T. ledebourii","aspect",31,0.0165918232035596
"T. ledebourii","aspect",32,0.0163614939881294
"T. ledebourii","aspect",33,0.0167213991034562
"T. ledebourii","aspect",34,0.0165864193506433
"T. ledebourii","aspect",35,0.0167738761497379
"T. ledebourii","aspect",36,0.0161877513136096
"T. ledebourii","aspect",37,0.0168373652948121
"T. ledebourii","aspect",38,0.016338889872526
"T. ledebourii","aspect",39,0.0169255195219165
"T. ledebourii","aspect",40,0.016474886212231
"T. ledebourii","aspect",41,0.0167989219544685
"T. ledebourii","aspect",42,0.016600371240694
"T. ledebourii","aspect",43,0.0164589616807096
"T. ledebourii","aspect",44,0.0173303552873947
"T. ledebourii","aspect",45,0.0170413267558658
"T. ledebourii","aspect",46,0.0168014779277493
"T. ledebourii","aspect",47,0.0169611916726039
"T. ledebourii","aspect",48,0.0164170465356687
"T. ledebourii","aspect",49,0.0165437187717266
"T. ledebourii","aspect",50,0.0163798230192969
"T. ledebourii","aspect",51,0.0164539274879238
"T. ledebourii","aspect",52,0.016441524429777
"T. ledebourii","aspect",53,0.016141168305205
"T. ledebourii","aspect",54,0.016789935504403
"T. ledebourii","aspect",55,0.0164756405703036
"T. ledebourii","aspect",56,0.0166806967257506
"T. ledebourii","aspect",57,0.0166432126931835
"T. ledebourii","aspect",58,0.0160522288530036
"T. ledebourii","aspect",59,0.0168172113818756
"T. ledebourii","aspect",60,0.0161776760326957
"T. ledebourii","aspect",61,0.0171417805690548
"T. ledebourii","aspect",62,0.0169956088998109
"T. ledebourii","aspect",63,0.0161737291372044
"T. ledebourii","aspect",64,0.0166429999809933
"T. ledebourii","aspect",65,0.016531981745473
"T. ledebourii","aspect",66,0.0164813322793756
"T. ledebourii","aspect",67,0.0164339459545212
"T. ledebourii","aspect",68,0.0165230867771797
"T. ledebourii","aspect",69,0.0165780200587011
"T. ledebourii","aspect",70,0.0165680806436377
"T. ledebourii","aspect",71,0.0166198868039433
"T. ledebourii","aspect",72,0.0166679261039334
"T. ledebourii","aspect",73,0.0165709563608109
"T. ledebourii","aspect",74,0.0164715604597765
"T. ledebourii","aspect",75,0.0170651847588289
"T. ledebourii","aspect",76,0.0167095100027125
"T. ledebourii","aspect",77,0.0170502330204085
"T. ledebourii","aspect",78,0.0164098624100047
"T. ledebourii","aspect",79,0.0165281579717906
"T. ledebourii","aspect",80,0.0165930727759719
"T. ledebourii","aspect",81,0.0163925961751311
"T. ledebourii","aspect",82,0.016535348172399
"T. ledebourii","aspect",83,0.0162773571338803
"T. ledebourii","aspect",84,0.0168373941283291
"T. ledebourii","aspect",85,0.0164669317781934
"T. ledebourii","aspect",86,0.0166979725826617
"T. ledebourii","aspect",87,0.0168790705204919
"T. ledebourii","aspect",88,0.0163518756439034
"T. ledebourii","aspect",89,0.0166334746926818
"T. ledebourii","aspect",90,0.0167404463120524
"T. ledebourii","aspect",91,0.0167677101808443
"T. ledebourii","aspect",92,0.0161025978362462
"T. ledebourii","aspect",93,0.0170980432638408
"T. ledebourii","aspect",94,0.0165817268052261
"T. ledebourii","aspect",95,0.0166181736153398
"T. ledebourii","aspect",96,0.0165791377814303
"T. ledebourii","aspect",97,0.0165901531000752
"T. ledebourii","aspect",98,0.0163968711709761
"T. ledebourii","aspect",99,0.0161868979361526
"T. ledebourii","aspect",100,0.0165536116777533
